Workbook
Name i_PROBLAM_art1: Tabla_PROBLAM_Artefactos1[]
Name i_PROBLAM_art2: Tabla_PROBLAM_Artefactos2[]
Name i_PROBLAM_art3: Tabla_PROBLAM_Artefactos3[]
Name i_PROBLAM_art4: Tabla_PROBLAM_Artefactos4[]
Name i_PROBLAM_art5: Tabla_PROBLAM_Artefactos5[]
Name i_PROBLAM_art6: Tabla_PROBLAM_Artefactos6[]
Name i_PROBLAM_pt1: problam!$B$3
Name i_PROBLAM_pt2: problam!$B$4
Name i_PROBLAM_pt3: problam!$B$5
Name i_PROBLAM_pt4: problam!$B$6
Name i_PROBLAM_pt5: problam!$B$7
Name i_PROBLAM_pt6: problam!$B$8
Name Indice_Aux_SinFecha: problam!$D$28:$D$28
Name Indice_Aux_Vacio: problam!$B$28
Name Indice_Plan_Actividad: OFFSET(INDEX(plan!$C$4:$C$52,1),0,0,plan!#REF!,1)
Name Indice_Plan_ExtensionPlazo: problam!$F$24
Name Indice_Plan_FechaFin: problam!$B$25
Name Indice_Plan_FechaInicio: problam!$B$24
Name Indice_Plan_InicioSemana: problam!$D$24
Name Indice_PROBLAM_Aux_Estado_Bloqueada: problam!$B$11
Name Indice_PROBLAM_Aux_Estado_Desarrollo: problam!$B$12
Name Indice_PROBLAM_Aux_Estado_Finalizada: problam!$B$13
Name Indice_PROBLAM_Aux_Estado_SinIniciar: problam!$B$14
Name Indice_PROBLAM_Aux_Estados: Tabla_PROBLAM_Aux_Estados[Estado]
Name Indice_PROBLAM_Estudiante1: problam!$B$17
Name Indice_PROBLAM_Estudiante2: problam!$B$18
Name Indice_PROBLAM_Estudiante3: problam!$B$19
Name Indice_PROBLAM_Estudiante4: problam!$B$20
Name Indice_PROBLAM_Estudiante5: problam!$B$21
Name Indice_PROBLAM_Estudiantes: Tabla_PROBLAM_Estudiantes[Estudiantes]
Name Indice_PROBLAM_NumEstudiantes: problam!$D$17
Name Indice_PROBLAM_Paquetes: Tabla_PROBLAM_Paquetes[Paquetes]
Name xx_Indice_PROBLAM_Historias_Conceptual: Tabla_PROBLAM_Artefactos1[Ciclo de vida]
Name xx_Indice_PROBLAM_Historias_DDL: Tabla_PROBLAM_Artefactos3[Diseño físico]
Name xx_Indice_PROBLAM_Historias_DML: Tabla_PROBLAM_Artefactos5[Gestión de transacciones]
Name xx_Indice_PROBLAM_Historias_Equipo: Tabla_PROBLAM_Artefactos4[Equipo]
Name xx_Indice_PROBLAM_Historias_Logico: Tabla_PROBLAM_Artefactos2[Ingeniería de datos]

Sheet plan
C2: ACTIVIDADES | G2: PLANIFICACIÓN | O2: IDEAL | R2: REALIDAD
B3: ID | C3: Actividad | D3: Paquete de trabajo | E3: Artefacto | F3: Especificación | G3: Responsable | H3: LPs individuales | I3: Learning Points | J3: Fecha de inicio Plan | K3: Fecha de fin Plan | L3: SemanaP | M3: Fecha límite | N3: Estado | O3: Fecha de inicio Ideal | P3: Fecha de fin Ideal | Q3: SemanaI | R3: Fecha de inicio Real | S3: Fecha de fin Real | T3: SemanaR | U3: Horas de trabajo | W3: MIEMBROS DEL EQUIPO
B4: 4 | C4: Comprensión del pliego técnico | D4: Equipo | E4: Gestión del proyecto | H4: 4 | I4: =Tabla_Plan_Actividad[[#This Row],[LPs individuales]]*Indice_PROBLAM_NumEstudiantes -> 20 | J4: 46097 | K4: 46100 | L4: =IF(K4<>"",1+INT((Tabla_Plan_Actividad[[#This Row],[Fecha de fin Plan]]-Indice_Plan_FechaInicio)/7),) -> 1 | M4: 46136 | N4: Sin iniciar | O4: 46097 | P4: 46100 | Q4: =IF(P4<>"",1+INT((Tabla_Plan_Actividad[[#This Row],[Fecha de fin Ideal]]-Indice_Plan_FechaInicio)/7),) -> 1 | R4: {=IF(plan!$N4<>Indice_PROBLAM_Aux_Estado_SinIniciar,INDEX(cronograma!$F$4:$AN$4,1,_xlfn.XMATCH(TRUE,cronograma!$F6:$AN6<>0,0)),Indice_Aux_SinFecha)} -> × | S4: {=IF(plan!$N4=Indice_PROBLAM_Aux_Estado_Finalizada,INDEX(cronograma!$F$4:$AL$4,1,_xlfn.XMATCH(TRUE,cronograma!$F6:$AL6<>0,0,-1)),Indice_Aux_SinFecha)} -> × | T4: {=IF(S4<>Indice_Aux_SinFecha,1+INT((Tabla_Plan_Actividad[[#This Row],[Fecha de fin Real]]-Indice_Plan_FechaInicio)/7),)} -> 0 | U4: =SUMIFS(Tabla_Registro_Tareas_Agregada[Minutos],Tabla_Registro_Tareas_Agregada[Actividad],plan!$C4)/60 -> 0 | W4: #1 | X4: Nombre#1 Apellido#11 Apellido#12
B5: 5 | C5: Reunión de inicio | D5: Equipo | E5: Gestión del proyecto | H5: 3 | I5: =Tabla_Plan_Actividad[[#This Row],[LPs individuales]]*Indice_PROBLAM_NumEstudiantes -> 15 | J5: 46100 | K5: 46101 | L5: =IF(K5<>"",1+INT((Tabla_Plan_Actividad[[#This Row],[Fecha de fin Plan]]-Indice_Plan_FechaInicio)/7),) -> 1 | M5: 46103 | N5: Sin iniciar | O5: 46100 | P5: 46101 | Q5: =IF(P5<>"",1+INT((Tabla_Plan_Actividad[[#This Row],[Fecha de fin Ideal]]-Indice_Plan_FechaInicio)/7),) -> 1 | R5: {=IF(plan!$N5<>Indice_PROBLAM_Aux_Estado_SinIniciar,INDEX(cronograma!$F$4:$AN$4,1,_xlfn.XMATCH(TRUE,cronograma!$F7:$AN7<>0,0)),Indice_Aux_SinFecha)} -> × | S5: {=IF(plan!$N5=Indice_PROBLAM_Aux_Estado_Finalizada,INDEX(cronograma!$F$4:$AL$4,1,_xlfn.XMATCH(TRUE,cronograma!$F7:$AL7<>0,0,-1)),Indice_Aux_SinFecha)} -> × | T5: {=IF(S5<>Indice_Aux_SinFecha,1+INT((Tabla_Plan_Actividad[[#This Row],[Fecha de fin Real]]-Indice_Plan_FechaInicio)/7),)} -> 0 | U5: =SUMIFS(Tabla_Registro_Tareas_Agregada[Minutos],Tabla_Registro_Tareas_Agregada[Actividad],plan!$C5)/60 -> 0 | W5: #2 | X5: Nombre#2 Apellido#21 Apellido#22
B6: 6 | C6: Gestión de cambios Diccionario | D6: Ciclo de vida | E6: Diccionario | H6: 1 | I6: =Tabla_Plan_Actividad[[#This Row],[LPs individuales]]*Indice_PROBLAM_NumEstudiantes -> 5 | J6: 46101 | K6: 46104 | L6: =IF(K6<>"",1+INT((Tabla_Plan_Actividad[[#This Row],[Fecha de fin Plan]]-Indice_Plan_FechaInicio)/7),) -> 2 | M6: 46136 | N6: Sin iniciar | O6: 46101 | P6: 46104 | Q6: =IF(P6<>"",1+INT((Tabla_Plan_Actividad[[#This Row],[Fecha de fin Ideal]]-Indice_Plan_FechaInicio)/7),) -> 2 | R6: {=IF(plan!$N6<>Indice_PROBLAM_Aux_Estado_SinIniciar,INDEX(cronograma!$F$4:$AN$4,1,_xlfn.XMATCH(TRUE,cronograma!$F8:$AN8<>0,0)),Indice_Aux_SinFecha)} -> × | S6: {=IF(plan!$N6=Indice_PROBLAM_Aux_Estado_Finalizada,INDEX(cronograma!$F$4:$AL$4,1,_xlfn.XMATCH(TRUE,cronograma!$F8:$AL8<>0,0,-1)),Indice_Aux_SinFecha)} -> × | T6: {=IF(S6<>Indice_Aux_SinFecha,1+INT((Tabla_Plan_Actividad[[#This Row],[Fecha de fin Real]]-Indice_Plan_FechaInicio)/7),)} -> 0 | U6: =SUMIFS(Tabla_Registro_Tareas_Agregada[Minutos],Tabla_Registro_Tareas_Agregada[Actividad],plan!$C6)/60 -> 0 | W6: #3 | X6: Nombre#3 Apellido#31 Apellido#32
B7: 7 | C7: Gestión de cambios Integridad | D7: Ciclo de vida | E7: Integridad avanzada | H7: 2 | I7: =Tabla_Plan_Actividad[[#This Row],[LPs individuales]]*Indice_PROBLAM_NumEstudiantes -> 10 | J7: 46104 | K7: 46105 | L7: =IF(K7<>"",1+INT((Tabla_Plan_Actividad[[#This Row],[Fecha de fin Plan]]-Indice_Plan_FechaInicio)/7),) -> 2 | M7: 46136 | N7: Sin iniciar | O7: 46104 | P7: 46105 | Q7: =IF(P7<>"",1+INT((Tabla_Plan_Actividad[[#This Row],[Fecha de fin Ideal]]-Indice_Plan_FechaInicio)/7),) -> 2 | R7: {=IF(plan!$N7<>Indice_PROBLAM_Aux_Estado_SinIniciar,INDEX(cronograma!$F$4:$AN$4,1,_xlfn.XMATCH(TRUE,cronograma!$F9:$AN9<>0,0)),Indice_Aux_SinFecha)} -> × | S7: {=IF(plan!$N7=Indice_PROBLAM_Aux_Estado_Finalizada,INDEX(cronograma!$F$4:$AL$4,1,_xlfn.XMATCH(TRUE,cronograma!$F9:$AL9<>0,0,-1)),Indice_Aux_SinFecha)} -> × | T7: {=IF(S7<>Indice_Aux_SinFecha,1+INT((Tabla_Plan_Actividad[[#This Row],[Fecha de fin Real]]-Indice_Plan_FechaInicio)/7),)} -> 0 | U7: =SUMIFS(Tabla_Registro_Tareas_Agregada[Minutos],Tabla_Registro_Tareas_Agregada[Actividad],plan!$C7)/60 -> 0 | W7: #4 | X7: Nombre#4 Apellido#41 Apellido#42
B8: 8 | C8: Gestión de cambios Procesos | D8: Ciclo de vida | E8: Procesos programados | H8: 2 | I8: =Tabla_Plan_Actividad[[#This Row],[LPs individuales]]*Indice_PROBLAM_NumEstudiantes -> 10 | J8: 46104 | K8: 46105 | L8: =IF(K8<>"",1+INT((Tabla_Plan_Actividad[[#This Row],[Fecha de fin Plan]]-Indice_Plan_FechaInicio)/7),) -> 2 | M8: 46136 | N8: Sin iniciar | O8: 46104 | P8: 46105 | Q8: =IF(P8<>"",1+INT((Tabla_Plan_Actividad[[#This Row],[Fecha de fin Ideal]]-Indice_Plan_FechaInicio)/7),) -> 2 | R8: {=IF(plan!$N8<>Indice_PROBLAM_Aux_Estado_SinIniciar,INDEX(cronograma!$F$4:$AN$4,1,_xlfn.XMATCH(TRUE,cronograma!$F10:$AN10<>0,0)),Indice_Aux_SinFecha)} -> × | S8: {=IF(plan!$N8=Indice_PROBLAM_Aux_Estado_Finalizada,INDEX(cronograma!$F$4:$AL$4,1,_xlfn.XMATCH(TRUE,cronograma!$F10:$AL10<>0,0,-1)),Indice_Aux_SinFecha)} -> × | T8: {=IF(S8<>Indice_Aux_SinFecha,1+INT((Tabla_Plan_Actividad[[#This Row],[Fecha de fin Real]]-Indice_Plan_FechaInicio)/7),)} -> 0 | U8: =SUMIFS(Tabla_Registro_Tareas_Agregada[Minutos],Tabla_Registro_Tareas_Agregada[Actividad],plan!$C8)/60 -> 0 | W8: #5 | X8: Nombre#5 Apellido#51 Apellido#52
B9: 9 | C9: Gestión de cambios ETL | D9: Ingeniería de datos | E9: ETL | H9: 7 | I9: =Tabla_Plan_Actividad[[#This Row],[LPs individuales]]*Indice_PROBLAM_NumEstudiantes -> 35 | J9: 46105 | K9: 46107 | L9: =IF(K9<>"",1+INT((Tabla_Plan_Actividad[[#This Row],[Fecha de fin Plan]]-Indice_Plan_FechaInicio)/7),) -> 2 | M9: 46136 | N9: Sin iniciar | O9: 46105 | P9: 46107 | Q9: =IF(P9<>"",1+INT((Tabla_Plan_Actividad[[#This Row],[Fecha de fin Ideal]]-Indice_Plan_FechaInicio)/7),) -> 2 | R9: {=IF(plan!$N9<>Indice_PROBLAM_Aux_Estado_SinIniciar,INDEX(cronograma!$F$4:$AN$4,1,_xlfn.XMATCH(TRUE,cronograma!$F11:$AN11<>0,0)),Indice_Aux_SinFecha)} -> × | S9: {=IF(plan!$N9=Indice_PROBLAM_Aux_Estado_Finalizada,INDEX(cronograma!$F$4:$AL$4,1,_xlfn.XMATCH(TRUE,cronograma!$F11:$AL11<>0,0,-1)),Indice_Aux_SinFecha)} -> × | T9: {=IF(S9<>Indice_Aux_SinFecha,1+INT((Tabla_Plan_Actividad[[#This Row],[Fecha de fin Real]]-Indice_Plan_FechaInicio)/7),)} -> 0 | U9: =SUMIFS(Tabla_Registro_Tareas_Agregada[Minutos],Tabla_Registro_Tareas_Agregada[Actividad],plan!$C9)/60 -> 0
B10: 10 | C10: Gestión de cambios Datos sintéticos | D10: Ingeniería de datos | E10: Datos sintéticos | H10: 7 | I10: =Tabla_Plan_Actividad[[#This Row],[LPs individuales]]*Indice_PROBLAM_NumEstudiantes -> 35 | J10: 46105 | K10: 46107 | L10: =IF(K10<>"",1+INT((Tabla_Plan_Actividad[[#This Row],[Fecha de fin Plan]]-Indice_Plan_FechaInicio)/7),) -> 2 | M10: 46136 | N10: Sin iniciar | O10: 46105 | P10: 46107 | Q10: =IF(P10<>"",1+INT((Tabla_Plan_Actividad[[#This Row],[Fecha de fin Ideal]]-Indice_Plan_FechaInicio)/7),) -> 2 | R10: {=IF(plan!$N10<>Indice_PROBLAM_Aux_Estado_SinIniciar,INDEX(cronograma!$F$4:$AN$4,1,_xlfn.XMATCH(TRUE,cronograma!$F12:$AN12<>0,0)),Indice_Aux_SinFecha)} -> × | S10: {=IF(plan!$N10=Indice_PROBLAM_Aux_Estado_Finalizada,INDEX(cronograma!$F$4:$AL$4,1,_xlfn.XMATCH(TRUE,cronograma!$F12:$AL12<>0,0,-1)),Indice_Aux_SinFecha)} -> × | T10: {=IF(S10<>Indice_Aux_SinFecha,1+INT((Tabla_Plan_Actividad[[#This Row],[Fecha de fin Real]]-Indice_Plan_FechaInicio)/7),)} -> 0 | U10: =SUMIFS(Tabla_Registro_Tareas_Agregada[Minutos],Tabla_Registro_Tareas_Agregada[Actividad],plan!$C10)/60 -> 0
B11: 11 | C11: Reunión de sincronización #1 | D11: Equipo | E11: Gestión del proyecto | H11: 1 | I11: =Tabla_Plan_Actividad[[#This Row],[LPs individuales]]*Indice_PROBLAM_NumEstudiantes -> 5 | J11: 46108 | K11: 46108 | L11: =IF(K11<>"",1+INT((Tabla_Plan_Actividad[[#This Row],[Fecha de fin Plan]]-Indice_Plan_FechaInicio)/7),) -> 2 | M11: 46110 | N11: Sin iniciar | O11: 46108 | P11: 46108 | Q11: =IF(P11<>"",1+INT((Tabla_Plan_Actividad[[#This Row],[Fecha de fin Ideal]]-Indice_Plan_FechaInicio)/7),) -> 2 | R11: {=IF(plan!$N11<>Indice_PROBLAM_Aux_Estado_SinIniciar,INDEX(cronograma!$F$4:$AN$4,1,_xlfn.XMATCH(TRUE,cronograma!$F13:$AN13<>0,0)),Indice_Aux_SinFecha)} -> × | S11: {=IF(plan!$N11=Indice_PROBLAM_Aux_Estado_Finalizada,INDEX(cronograma!$F$4:$AL$4,1,_xlfn.XMATCH(TRUE,cronograma!$F13:$AL13<>0,0,-1)),Indice_Aux_SinFecha)} -> × | T11: {=IF(S11<>Indice_Aux_SinFecha,1+INT((Tabla_Plan_Actividad[[#This Row],[Fecha de fin Real]]-Indice_Plan_FechaInicio)/7),)} -> 0 | U11: =SUMIFS(Tabla_Registro_Tareas_Agregada[Minutos],Tabla_Registro_Tareas_Agregada[Actividad],plan!$C11)/60 -> 0
B12: 12 | C12: Evaluar baseline de almacenamiento | D12: Diseño físico | E12: Almacenamiento | H12: 12 | I12: =Tabla_Plan_Actividad[[#This Row],[LPs individuales]]*Indice_PROBLAM_NumEstudiantes -> 60 | J12: 46119 | K12: 46123 | L12: =IF(K12<>"",1+INT((Tabla_Plan_Actividad[[#This Row],[Fecha de fin Plan]]-Indice_Plan_FechaInicio)/7),) -> 4 | M12: 46136 | N12: Sin iniciar | O12: 46119 | P12: 46123 | Q12: =IF(P12<>"",1+INT((Tabla_Plan_Actividad[[#This Row],[Fecha de fin Ideal]]-Indice_Plan_FechaInicio)/7),) -> 4 | R12: {=IF(plan!$N12<>Indice_PROBLAM_Aux_Estado_SinIniciar,INDEX(cronograma!$F$4:$AN$4,1,_xlfn.XMATCH(TRUE,cronograma!$F14:$AN14<>0,0)),Indice_Aux_SinFecha)} -> × | S12: {=IF(plan!$N12=Indice_PROBLAM_Aux_Estado_Finalizada,INDEX(cronograma!$F$4:$AL$4,1,_xlfn.XMATCH(TRUE,cronograma!$F14:$AL14<>0,0,-1)),Indice_Aux_SinFecha)} -> × | T12: {=IF(S12<>Indice_Aux_SinFecha,1+INT((Tabla_Plan_Actividad[[#This Row],[Fecha de fin Real]]-Indice_Plan_FechaInicio)/7),)} -> 0 | U12: =SUMIFS(Tabla_Registro_Tareas_Agregada[Minutos],Tabla_Registro_Tareas_Agregada[Actividad],plan!$C12)/60 -> 0
B13: 13 | C13: ETLs Sprint #2 | D13: Ingeniería de datos | E13: ETL | H13: 4 | I13: =Tabla_Plan_Actividad[[#This Row],[LPs individuales]]*Indice_PROBLAM_NumEstudiantes -> 20 | J13: 46121 | K13: 46126 | L13: =IF(K13<>"",1+INT((Tabla_Plan_Actividad[[#This Row],[Fecha de fin Plan]]-Indice_Plan_FechaInicio)/7),) -> 5 | M13: 46136 | N13: Sin iniciar | O13: 46121 | P13: 46126 | Q13: =IF(P13<>"",1+INT((Tabla_Plan_Actividad[[#This Row],[Fecha de fin Ideal]]-Indice_Plan_FechaInicio)/7),) -> 5 | R13: {=IF(plan!$N13<>Indice_PROBLAM_Aux_Estado_SinIniciar,INDEX(cronograma!$F$4:$AN$4,1,_xlfn.XMATCH(TRUE,cronograma!$F15:$AN15<>0,0)),Indice_Aux_SinFecha)} -> × | S13: {=IF(plan!$N13=Indice_PROBLAM_Aux_Estado_Finalizada,INDEX(cronograma!$F$4:$AL$4,1,_xlfn.XMATCH(TRUE,cronograma!$F15:$AL15<>0,0,-1)),Indice_Aux_SinFecha)} -> × | T13: {=IF(S13<>Indice_Aux_SinFecha,1+INT((Tabla_Plan_Actividad[[#This Row],[Fecha de fin Real]]-Indice_Plan_FechaInicio)/7),)} -> 0 | U13: =SUMIFS(Tabla_Registro_Tareas_Agregada[Minutos],Tabla_Registro_Tareas_Agregada[Actividad],plan!$C13)/60 -> 0
B14: 14 | C14: Generar datos sintéticos Sprint #2 | D14: Equipo | E14: Gestión del proyecto | H14: 4 | I14: =Tabla_Plan_Actividad[[#This Row],[LPs individuales]]*Indice_PROBLAM_NumEstudiantes -> 20 | J14: 46121 | K14: 46126 | L14: =IF(K14<>"",1+INT((Tabla_Plan_Actividad[[#This Row],[Fecha de fin Plan]]-Indice_Plan_FechaInicio)/7),) -> 5 | M14: 46136 | N14: Sin iniciar | O14: 46121 | P14: 46126 | Q14: =IF(P14<>"",1+INT((Tabla_Plan_Actividad[[#This Row],[Fecha de fin Ideal]]-Indice_Plan_FechaInicio)/7),) -> 5 | R14: {=IF(plan!$N14<>Indice_PROBLAM_Aux_Estado_SinIniciar,INDEX(cronograma!$F$4:$AN$4,1,_xlfn.XMATCH(TRUE,cronograma!$F16:$AN16<>0,0)),Indice_Aux_SinFecha)} -> × | S14: {=IF(plan!$N14=Indice_PROBLAM_Aux_Estado_Finalizada,INDEX(cronograma!$F$4:$AL$4,1,_xlfn.XMATCH(TRUE,cronograma!$F16:$AL16<>0,0,-1)),Indice_Aux_SinFecha)} -> × | T14: {=IF(S14<>Indice_Aux_SinFecha,1+INT((Tabla_Plan_Actividad[[#This Row],[Fecha de fin Real]]-Indice_Plan_FechaInicio)/7),)} -> 0 | U14: =SUMIFS(Tabla_Registro_Tareas_Agregada[Minutos],Tabla_Registro_Tareas_Agregada[Actividad],plan!$C14)/60 -> 0
B15: 15 | C15: Reunión de sincronización #2 | D15: Equipo | E15: Gestión del proyecto | H15: 1 | I15: 5 | J15: 46122 | K15: 46122 | L15: 4 | M15: 46124 | N15: Sin iniciar | O15: 46127 | P15: 46127 | Q15: =IF(P15<>"",1+INT((Tabla_Plan_Actividad[[#This Row],[Fecha de fin Ideal]]-Indice_Plan_FechaInicio)/7),) -> 5 | R15: {=IF(plan!$N15<>Indice_PROBLAM_Aux_Estado_SinIniciar,INDEX(cronograma!$F$4:$AN$4,1,_xlfn.XMATCH(TRUE,cronograma!$F17:$AN17<>0,0)),Indice_Aux_SinFecha)} -> × | S15: {=IF(plan!$N15=Indice_PROBLAM_Aux_Estado_Finalizada,INDEX(cronograma!$F$4:$AL$4,1,_xlfn.XMATCH(TRUE,cronograma!$F17:$AL17<>0,0,-1)),Indice_Aux_SinFecha)} -> × | T15: {=IF(S15<>Indice_Aux_SinFecha,1+INT((Tabla_Plan_Actividad[[#This Row],[Fecha de fin Real]]-Indice_Plan_FechaInicio)/7),)} -> 0 | U15: =SUMIFS(Tabla_Registro_Tareas_Agregada[Minutos],Tabla_Registro_Tareas_Agregada[Actividad],plan!$C15)/60 -> 0
B16: 16 | C16: Actualizar diccionario | D16: Ciclo de vida | E16: Diccionario | H16: 1 | I16: =Tabla_Plan_Actividad[[#This Row],[LPs individuales]]*Indice_PROBLAM_NumEstudiantes -> 5 | J16: 46127 | K16: 46127 | L16: =IF(K16<>"",1+INT((Tabla_Plan_Actividad[[#This Row],[Fecha de fin Plan]]-Indice_Plan_FechaInicio)/7),) -> 5 | M16: 46136 | N16: Sin iniciar | O16: 46122 | P16: 46122 | Q16: =IF(P16<>"",1+INT((Tabla_Plan_Actividad[[#This Row],[Fecha de fin Ideal]]-Indice_Plan_FechaInicio)/7),) -> 4 | R16: {=IF(plan!$N16<>Indice_PROBLAM_Aux_Estado_SinIniciar,INDEX(cronograma!$F$4:$AN$4,1,_xlfn.XMATCH(TRUE,cronograma!$F18:$AN18<>0,0)),Indice_Aux_SinFecha)} -> × | S16: {=IF(plan!$N16=Indice_PROBLAM_Aux_Estado_Finalizada,INDEX(cronograma!$F$4:$AL$4,1,_xlfn.XMATCH(TRUE,cronograma!$F18:$AL18<>0,0,-1)),Indice_Aux_SinFecha)} -> × | T16: {=IF(S16<>Indice_Aux_SinFecha,1+INT((Tabla_Plan_Actividad[[#This Row],[Fecha de fin Real]]-Indice_Plan_FechaInicio)/7),)} -> 0 | U16: =SUMIFS(Tabla_Registro_Tareas_Agregada[Minutos],Tabla_Registro_Tareas_Agregada[Actividad],plan!$C16)/60 -> 0
B17: 17 | C17: Implementar funcionalidades | D17: Diseño físico | E17: Indexación | H17: 8 | I17: 40 | J17: 46127 | K17: 46129 | L17: 5 | M17: 46136 | N17: =IF(ISNUMBER(MATCH(plan!$C17, Tabla_Registro_Tareas1[Actividad], 0)),Indice_PROBLAM_Aux_Estado_Desarrollo,Indice_PROBLAM_Aux_Estado_SinIniciar) -> Sin iniciar | O17: 46127 | P17: 46129 | Q17: =IF(P17<>"",1+INT((Tabla_Plan_Actividad[[#This Row],[Fecha de fin Ideal]]-Indice_Plan_FechaInicio)/7),) -> 5 | R17: {=IF(plan!$N17<>Indice_PROBLAM_Aux_Estado_SinIniciar,INDEX(cronograma!$F$4:$AN$4,1,_xlfn.XMATCH(TRUE,cronograma!$F19:$AN19<>0,0)),Indice_Aux_SinFecha)} -> × | S17: {=IF(plan!$N17=Indice_PROBLAM_Aux_Estado_Finalizada,INDEX(cronograma!$F$4:$AL$4,1,_xlfn.XMATCH(TRUE,cronograma!$F19:$AL19<>0,0,-1)),Indice_Aux_SinFecha)} -> × | T17: {=IF(S17<>Indice_Aux_SinFecha,1+INT((Tabla_Plan_Actividad[[#This Row],[Fecha de fin Real]]-Indice_Plan_FechaInicio)/7),)} -> 0 | U17: =SUMIFS(Tabla_Registro_Tareas_Agregada[Minutos],Tabla_Registro_Tareas_Agregada[Actividad],plan!$C17)/60 -> 0
B18: 18 | C18: Evaluar indexación | D18: Diseño físico | E18: Indexación | H18: 12 | I18: 50 | J18: 46129 | K18: 46134 | L18: 6 | M18: 46136 | N18: =IF(ISNUMBER(MATCH(plan!$C18, Tabla_Registro_Tareas1[Actividad], 0)),Indice_PROBLAM_Aux_Estado_Desarrollo,Indice_PROBLAM_Aux_Estado_SinIniciar) -> Sin iniciar | O18: 46129 | P18: 46134 | Q18: =IF(P18<>"",1+INT((Tabla_Plan_Actividad[[#This Row],[Fecha de fin Ideal]]-Indice_Plan_FechaInicio)/7),) -> 6 | R18: {=IF(plan!$N18<>Indice_PROBLAM_Aux_Estado_SinIniciar,INDEX(cronograma!$F$4:$AN$4,1,_xlfn.XMATCH(TRUE,cronograma!$F20:$AN20<>0,0)),Indice_Aux_SinFecha)} -> × | S18: {=IF(plan!$N18=Indice_PROBLAM_Aux_Estado_Finalizada,INDEX(cronograma!$F$4:$AL$4,1,_xlfn.XMATCH(TRUE,cronograma!$F20:$AL20<>0,0,-1)),Indice_Aux_SinFecha)} -> × | T18: {=IF(S18<>Indice_Aux_SinFecha,1+INT((Tabla_Plan_Actividad[[#This Row],[Fecha de fin Real]]-Indice_Plan_FechaInicio)/7),)} -> 0 | U18: =SUMIFS(Tabla_Registro_Tareas_Agregada[Minutos],Tabla_Registro_Tareas_Agregada[Actividad],plan!$C18)/60 -> 0
B19: 19 | C19: Reunión de sincronización #3 | D19: Equipo | E19: Gestión del proyecto | H19: 1 | I19: 5 | J19: 46129 | K19: 46129 | L19: 5 | M19: 46131 | N19: =IF(ISNUMBER(MATCH(plan!$C19, Tabla_Registro_Tareas1[Actividad], 0)),Indice_PROBLAM_Aux_Estado_Desarrollo,Indice_PROBLAM_Aux_Estado_SinIniciar) -> Sin iniciar | O19: 46129 | P19: 46129 | Q19: =IF(P19<>"",1+INT((Tabla_Plan_Actividad[[#This Row],[Fecha de fin Ideal]]-Indice_Plan_FechaInicio)/7),) -> 5 | R19: {=IF(plan!$N19<>Indice_PROBLAM_Aux_Estado_SinIniciar,INDEX(cronograma!$F$4:$AN$4,1,_xlfn.XMATCH(TRUE,cronograma!$F21:$AN21<>0,0)),Indice_Aux_SinFecha)} -> × | S19: {=IF(plan!$N19=Indice_PROBLAM_Aux_Estado_Finalizada,INDEX(cronograma!$F$4:$AL$4,1,_xlfn.XMATCH(TRUE,cronograma!$F21:$AL21<>0,0,-1)),Indice_Aux_SinFecha)} -> × | T19: {=IF(S19<>Indice_Aux_SinFecha,1+INT((Tabla_Plan_Actividad[[#This Row],[Fecha de fin Real]]-Indice_Plan_FechaInicio)/7),)} -> 0 | U19: =SUMIFS(Tabla_Registro_Tareas_Agregada[Minutos],Tabla_Registro_Tareas_Agregada[Actividad],plan!$C19)/60 -> 0
B20: 20 | C20: Retrospectiva | D20: Equipo | E20: Gestión del proyecto | H20: 2 | I20: =Tabla_Plan_Actividad[[#This Row],[LPs individuales]]*Indice_PROBLAM_NumEstudiantes -> 10 | J20: 46136 | K20: 46136 | L20: =IF(K20<>"",1+INT((Tabla_Plan_Actividad[[#This Row],[Fecha de fin Plan]]-Indice_Plan_FechaInicio)/7),) -> 6 | M20: 46136 | N20: =IF(ISNUMBER(MATCH(plan!$C20, Tabla_Registro_Tareas1[Actividad], 0)),Indice_PROBLAM_Aux_Estado_Desarrollo,Indice_PROBLAM_Aux_Estado_SinIniciar) -> Sin iniciar | O20: 46136 | P20: 46136 | Q20: =IF(P20<>"",1+INT((Tabla_Plan_Actividad[[#This Row],[Fecha de fin Ideal]]-Indice_Plan_FechaInicio)/7),) -> 6 | R20: {=IF(plan!$N20<>Indice_PROBLAM_Aux_Estado_SinIniciar,INDEX(cronograma!$F$4:$AN$4,1,_xlfn.XMATCH(TRUE,cronograma!$F22:$AN22<>0,0)),Indice_Aux_SinFecha)} -> × | S20: {=IF(plan!$N20=Indice_PROBLAM_Aux_Estado_Finalizada,INDEX(cronograma!$F$4:$AL$4,1,_xlfn.XMATCH(TRUE,cronograma!$F22:$AL22<>0,0,-1)),Indice_Aux_SinFecha)} -> × | T20: {=IF(S20<>Indice_Aux_SinFecha,1+INT((Tabla_Plan_Actividad[[#This Row],[Fecha de fin Real]]-Indice_Plan_FechaInicio)/7),)} -> 0 | U20: =SUMIFS(Tabla_Registro_Tareas_Agregada[Minutos],Tabla_Registro_Tareas_Agregada[Actividad],plan!$C20)/60 -> 0
B21: 21 | C21: Evaluación de la actividad del equipo | D21: Equipo | E21: Evaluación de la actividad | H21: 1 | I21: =Tabla_Plan_Actividad[[#This Row],[LPs individuales]]*Indice_PROBLAM_NumEstudiantes -> 5 | J21: 46136 | K21: 46136 | L21: =IF(K21<>"",1+INT((Tabla_Plan_Actividad[[#This Row],[Fecha de fin Plan]]-Indice_Plan_FechaInicio)/7),) -> 6 | M21: 46136 | N21: =IF(ISNUMBER(MATCH(plan!$C21, Tabla_Registro_Tareas1[Actividad], 0)),Indice_PROBLAM_Aux_Estado_Desarrollo,Indice_PROBLAM_Aux_Estado_SinIniciar) -> Sin iniciar | O21: 46136 | P21: 46136 | Q21: =IF(P21<>"",1+INT((Tabla_Plan_Actividad[[#This Row],[Fecha de fin Ideal]]-Indice_Plan_FechaInicio)/7),) -> 6 | R21: {=IF(plan!$N21<>Indice_PROBLAM_Aux_Estado_SinIniciar,INDEX(cronograma!$F$4:$AN$4,1,_xlfn.XMATCH(TRUE,cronograma!$F23:$AN23<>0,0)),Indice_Aux_SinFecha)} -> × | S21: {=IF(plan!$N21=Indice_PROBLAM_Aux_Estado_Finalizada,INDEX(cronograma!$F$4:$AL$4,1,_xlfn.XMATCH(TRUE,cronograma!$F23:$AL23<>0,0,-1)),Indice_Aux_SinFecha)} -> × | T21: {=IF(S21<>Indice_Aux_SinFecha,1+INT((Tabla_Plan_Actividad[[#This Row],[Fecha de fin Real]]-Indice_Plan_FechaInicio)/7),)} -> 0 | U21: =SUMIFS(Tabla_Registro_Tareas_Agregada[Minutos],Tabla_Registro_Tareas_Agregada[Actividad],plan!$C21)/60 -> 0
B22: 22 | C22: Entrega del incremento | D22: Equipo | E22: Incremento | H22: 1 | I22: =Tabla_Plan_Actividad[[#This Row],[LPs individuales]]*Indice_PROBLAM_NumEstudiantes -> 5 | J22: 46136 | K22: 46136 | L22: =IF(K22<>"",1+INT((Tabla_Plan_Actividad[[#This Row],[Fecha de fin Plan]]-Indice_Plan_FechaInicio)/7),) -> 6 | M22: 46136 | N22: =IF(ISNUMBER(MATCH(plan!$C22, Tabla_Registro_Tareas1[Actividad], 0)),Indice_PROBLAM_Aux_Estado_Desarrollo,Indice_PROBLAM_Aux_Estado_SinIniciar) -> Sin iniciar | O22: 46136 | P22: 46136 | Q22: =IF(P22<>"",1+INT((Tabla_Plan_Actividad[[#This Row],[Fecha de fin Ideal]]-Indice_Plan_FechaInicio)/7),) -> 6 | R22: {=IF(plan!$N22<>Indice_PROBLAM_Aux_Estado_SinIniciar,INDEX(cronograma!$F$4:$AN$4,1,_xlfn.XMATCH(TRUE,cronograma!$F24:$AN24<>0,0)),Indice_Aux_SinFecha)} -> × | S22: {=IF(plan!$N22=Indice_PROBLAM_Aux_Estado_Finalizada,INDEX(cronograma!$F$4:$AL$4,1,_xlfn.XMATCH(TRUE,cronograma!$F24:$AL24<>0,0,-1)),Indice_Aux_SinFecha)} -> × | T22: {=IF(S22<>Indice_Aux_SinFecha,1+INT((Tabla_Plan_Actividad[[#This Row],[Fecha de fin Real]]-Indice_Plan_FechaInicio)/7),)} -> 0 | U22: =SUMIFS(Tabla_Registro_Tareas_Agregada[Minutos],Tabla_Registro_Tareas_Agregada[Actividad],plan!$C22)/60 -> 0
B23: 23 | C23: Reuniones no planificadas | D23: Equipo | E23: Gestión del proyecto | I23: =Tabla_Plan_Actividad[[#This Row],[LPs individuales]]*Indice_PROBLAM_NumEstudiantes -> 0 | L23: =IF(K23<>"",1+INT((Tabla_Plan_Actividad[[#This Row],[Fecha de fin Plan]]-Indice_Plan_FechaInicio)/7),) -> 0 | N23: =IF(ISNUMBER(MATCH(plan!$C23, Tabla_Registro_Tareas1[Actividad], 0)),Indice_PROBLAM_Aux_Estado_Desarrollo,Indice_PROBLAM_Aux_Estado_SinIniciar) -> Sin iniciar | Q23: =IF(P23<>"",1+INT((Tabla_Plan_Actividad[[#This Row],[Fecha de fin Ideal]]-Indice_Plan_FechaInicio)/7),) -> 0 | R23: {=IF(plan!$N23<>Indice_PROBLAM_Aux_Estado_SinIniciar,INDEX(cronograma!$F$4:$AN$4,1,_xlfn.XMATCH(TRUE,cronograma!$F25:$AN25<>0,0)),Indice_Aux_SinFecha)} -> × | S23: {=IF(plan!$N23=Indice_PROBLAM_Aux_Estado_Finalizada,INDEX(cronograma!$F$4:$AL$4,1,_xlfn.XMATCH(TRUE,cronograma!$F25:$AL25<>0,0,-1)),Indice_Aux_SinFecha)} -> × | T23: {=IF(S23<>Indice_Aux_SinFecha,1+INT((Tabla_Plan_Actividad[[#This Row],[Fecha de fin Real]]-Indice_Plan_FechaInicio)/7),)} -> 0 | U23: =SUMIFS(Tabla_Registro_Tareas_Agregada[Minutos],Tabla_Registro_Tareas_Agregada[Actividad],plan!$C23)/60 -> 0
B24: 24 | I24: =Tabla_Plan_Actividad[[#This Row],[LPs individuales]]*Indice_PROBLAM_NumEstudiantes -> 0 | L24: =IF(K24<>"",1+INT((Tabla_Plan_Actividad[[#This Row],[Fecha de fin Plan]]-Indice_Plan_FechaInicio)/7),) -> 0 | N24: =IF(ISNUMBER(MATCH(plan!$C24, Tabla_Registro_Tareas1[Actividad], 0)),Indice_PROBLAM_Aux_Estado_Desarrollo,Indice_PROBLAM_Aux_Estado_SinIniciar) -> Sin iniciar | Q24: =IF(P24<>"",1+INT((Tabla_Plan_Actividad[[#This Row],[Fecha de fin Ideal]]-Indice_Plan_FechaInicio)/7),) -> 0 | R24: {=IF(plan!$N24<>Indice_PROBLAM_Aux_Estado_SinIniciar,INDEX(cronograma!$F$4:$AN$4,1,_xlfn.XMATCH(TRUE,cronograma!$F26:$AN26<>0,0)),Indice_Aux_SinFecha)} -> × | S24: {=IF(plan!$N24=Indice_PROBLAM_Aux_Estado_Finalizada,INDEX(cronograma!$F$4:$AL$4,1,_xlfn.XMATCH(TRUE,cronograma!$F26:$AL26<>0,0,-1)),Indice_Aux_SinFecha)} -> × | T24: {=IF(S24<>Indice_Aux_SinFecha,1+INT((Tabla_Plan_Actividad[[#This Row],[Fecha de fin Real]]-Indice_Plan_FechaInicio)/7),)} -> 0 | U24: =SUMIFS(Tabla_Registro_Tareas_Agregada[Minutos],Tabla_Registro_Tareas_Agregada[Actividad],plan!$C24)/60 -> 0
B25: 25 | I25: =Tabla_Plan_Actividad[[#This Row],[LPs individuales]]*Indice_PROBLAM_NumEstudiantes -> 0 | L25: =IF(K25<>"",1+INT((Tabla_Plan_Actividad[[#This Row],[Fecha de fin Plan]]-Indice_Plan_FechaInicio)/7),) -> 0 | N25: =IF(ISNUMBER(MATCH(plan!$C25, Tabla_Registro_Tareas1[Actividad], 0)),Indice_PROBLAM_Aux_Estado_Desarrollo,Indice_PROBLAM_Aux_Estado_SinIniciar) -> Sin iniciar | Q25: =IF(P25<>"",1+INT((Tabla_Plan_Actividad[[#This Row],[Fecha de fin Ideal]]-Indice_Plan_FechaInicio)/7),) -> 0 | R25: {=IF(plan!$N25<>Indice_PROBLAM_Aux_Estado_SinIniciar,INDEX(cronograma!$F$4:$AN$4,1,_xlfn.XMATCH(TRUE,cronograma!$F27:$AN27<>0,0)),Indice_Aux_SinFecha)} -> × | S25: {=IF(plan!$N25=Indice_PROBLAM_Aux_Estado_Finalizada,INDEX(cronograma!$F$4:$AL$4,1,_xlfn.XMATCH(TRUE,cronograma!$F27:$AL27<>0,0,-1)),Indice_Aux_SinFecha)} -> × | T25: {=IF(S25<>Indice_Aux_SinFecha,1+INT((Tabla_Plan_Actividad[[#This Row],[Fecha de fin Real]]-Indice_Plan_FechaInicio)/7),)} -> 0 | U25: =SUMIFS(Tabla_Registro_Tareas_Agregada[Minutos],Tabla_Registro_Tareas_Agregada[Actividad],plan!$C25)/60 -> 0
B26: 26 | I26: =Tabla_Plan_Actividad[[#This Row],[LPs individuales]]*Indice_PROBLAM_NumEstudiantes -> 0 | L26: =IF(K26<>"",1+INT((Tabla_Plan_Actividad[[#This Row],[Fecha de fin Plan]]-Indice_Plan_FechaInicio)/7),) -> 0 | N26: =IF(ISNUMBER(MATCH(plan!$C26, Tabla_Registro_Tareas1[Actividad], 0)),Indice_PROBLAM_Aux_Estado_Desarrollo,Indice_PROBLAM_Aux_Estado_SinIniciar) -> Sin iniciar | Q26: =IF(P26<>"",1+INT((Tabla_Plan_Actividad[[#This Row],[Fecha de fin Ideal]]-Indice_Plan_FechaInicio)/7),) -> 0 | R26: {=IF(plan!$N26<>Indice_PROBLAM_Aux_Estado_SinIniciar,INDEX(cronograma!$F$4:$AN$4,1,_xlfn.XMATCH(TRUE,cronograma!$F28:$AN28<>0,0)),Indice_Aux_SinFecha)} -> × | S26: {=IF(plan!$N26=Indice_PROBLAM_Aux_Estado_Finalizada,INDEX(cronograma!$F$4:$AL$4,1,_xlfn.XMATCH(TRUE,cronograma!$F28:$AL28<>0,0,-1)),Indice_Aux_SinFecha)} -> × | T26: {=IF(S26<>Indice_Aux_SinFecha,1+INT((Tabla_Plan_Actividad[[#This Row],[Fecha de fin Real]]-Indice_Plan_FechaInicio)/7),)} -> 0 | U26: =SUMIFS(Tabla_Registro_Tareas_Agregada[Minutos],Tabla_Registro_Tareas_Agregada[Actividad],plan!$C26)/60 -> 0
B27: 27 | I27: =Tabla_Plan_Actividad[[#This Row],[LPs individuales]]*Indice_PROBLAM_NumEstudiantes -> 0 | L27: =IF(K27<>"",1+INT((Tabla_Plan_Actividad[[#This Row],[Fecha de fin Plan]]-Indice_Plan_FechaInicio)/7),) -> 0 | N27: =IF(ISNUMBER(MATCH(plan!$C27, Tabla_Registro_Tareas1[Actividad], 0)),Indice_PROBLAM_Aux_Estado_Desarrollo,Indice_PROBLAM_Aux_Estado_SinIniciar) -> Sin iniciar | Q27: =IF(P27<>"",1+INT((Tabla_Plan_Actividad[[#This Row],[Fecha de fin Ideal]]-Indice_Plan_FechaInicio)/7),) -> 0 | R27: {=IF(plan!$N27<>Indice_PROBLAM_Aux_Estado_SinIniciar,INDEX(cronograma!$F$4:$AN$4,1,_xlfn.XMATCH(TRUE,cronograma!$F29:$AN29<>0,0)),Indice_Aux_SinFecha)} -> × | S27: {=IF(plan!$N27=Indice_PROBLAM_Aux_Estado_Finalizada,INDEX(cronograma!$F$4:$AL$4,1,_xlfn.XMATCH(TRUE,cronograma!$F29:$AL29<>0,0,-1)),Indice_Aux_SinFecha)} -> × | T27: {=IF(S27<>Indice_Aux_SinFecha,1+INT((Tabla_Plan_Actividad[[#This Row],[Fecha de fin Real]]-Indice_Plan_FechaInicio)/7),)} -> 0 | U27: =SUMIFS(Tabla_Registro_Tareas_Agregada[Minutos],Tabla_Registro_Tareas_Agregada[Actividad],plan!$C27)/60 -> 0
B28: 28 | I28: =Tabla_Plan_Actividad[[#This Row],[LPs individuales]]*Indice_PROBLAM_NumEstudiantes -> 0 | L28: =IF(K28<>"",1+INT((Tabla_Plan_Actividad[[#This Row],[Fecha de fin Plan]]-Indice_Plan_FechaInicio)/7),) -> 0 | N28: =IF(ISNUMBER(MATCH(plan!$C28, Tabla_Registro_Tareas1[Actividad], 0)),Indice_PROBLAM_Aux_Estado_Desarrollo,Indice_PROBLAM_Aux_Estado_SinIniciar) -> Sin iniciar | Q28: =IF(P28<>"",1+INT((Tabla_Plan_Actividad[[#This Row],[Fecha de fin Ideal]]-Indice_Plan_FechaInicio)/7),) -> 0 | R28: {=IF(plan!$N28<>Indice_PROBLAM_Aux_Estado_SinIniciar,INDEX(cronograma!$F$4:$AN$4,1,_xlfn.XMATCH(TRUE,cronograma!$F30:$AN30<>0,0)),Indice_Aux_SinFecha)} -> × | S28: {=IF(plan!$N28=Indice_PROBLAM_Aux_Estado_Finalizada,INDEX(cronograma!$F$4:$AL$4,1,_xlfn.XMATCH(TRUE,cronograma!$F30:$AL30<>0,0,-1)),Indice_Aux_SinFecha)} -> × | T28: {=IF(S28<>Indice_Aux_SinFecha,1+INT((Tabla_Plan_Actividad[[#This Row],[Fecha de fin Real]]-Indice_Plan_FechaInicio)/7),)} -> 0 | U28: =SUMIFS(Tabla_Registro_Tareas_Agregada[Minutos],Tabla_Registro_Tareas_Agregada[Actividad],plan!$C28)/60 -> 0
B29: 29 | I29: =Tabla_Plan_Actividad[[#This Row],[LPs individuales]]*Indice_PROBLAM_NumEstudiantes -> 0 | L29: =IF(K29<>"",1+INT((Tabla_Plan_Actividad[[#This Row],[Fecha de fin Plan]]-Indice_Plan_FechaInicio)/7),) -> 0 | N29: =IF(ISNUMBER(MATCH(plan!$C29, Tabla_Registro_Tareas1[Actividad], 0)),Indice_PROBLAM_Aux_Estado_Desarrollo,Indice_PROBLAM_Aux_Estado_SinIniciar) -> Sin iniciar | Q29: =IF(P29<>"",1+INT((Tabla_Plan_Actividad[[#This Row],[Fecha de fin Ideal]]-Indice_Plan_FechaInicio)/7),) -> 0 | R29: {=IF(plan!$N29<>Indice_PROBLAM_Aux_Estado_SinIniciar,INDEX(cronograma!$F$4:$AN$4,1,_xlfn.XMATCH(TRUE,cronograma!$F31:$AN31<>0,0)),Indice_Aux_SinFecha)} -> × | S29: {=IF(plan!$N29=Indice_PROBLAM_Aux_Estado_Finalizada,INDEX(cronograma!$F$4:$AL$4,1,_xlfn.XMATCH(TRUE,cronograma!$F31:$AL31<>0,0,-1)),Indice_Aux_SinFecha)} -> × | T29: {=IF(S29<>Indice_Aux_SinFecha,1+INT((Tabla_Plan_Actividad[[#This Row],[Fecha de fin Real]]-Indice_Plan_FechaInicio)/7),)} -> 0 | U29: =SUMIFS(Tabla_Registro_Tareas_Agregada[Minutos],Tabla_Registro_Tareas_Agregada[Actividad],plan!$C29)/60 -> 0
B30: 30 | I30: =Tabla_Plan_Actividad[[#This Row],[LPs individuales]]*Indice_PROBLAM_NumEstudiantes -> 0 | L30: =IF(K30<>"",1+INT((Tabla_Plan_Actividad[[#This Row],[Fecha de fin Plan]]-Indice_Plan_FechaInicio)/7),) -> 0 | N30: =IF(ISNUMBER(MATCH(plan!$C30, Tabla_Registro_Tareas1[Actividad], 0)),Indice_PROBLAM_Aux_Estado_Desarrollo,Indice_PROBLAM_Aux_Estado_SinIniciar) -> Sin iniciar | Q30: =IF(P30<>"",1+INT((Tabla_Plan_Actividad[[#This Row],[Fecha de fin Ideal]]-Indice_Plan_FechaInicio)/7),) -> 0 | R30: {=IF(plan!$N30<>Indice_PROBLAM_Aux_Estado_SinIniciar,INDEX(cronograma!$F$4:$AN$4,1,_xlfn.XMATCH(TRUE,cronograma!$F32:$AN32<>0,0)),Indice_Aux_SinFecha)} -> × | S30: {=IF(plan!$N30=Indice_PROBLAM_Aux_Estado_Finalizada,INDEX(cronograma!$F$4:$AL$4,1,_xlfn.XMATCH(TRUE,cronograma!$F32:$AL32<>0,0,-1)),Indice_Aux_SinFecha)} -> × | T30: {=IF(S30<>Indice_Aux_SinFecha,1+INT((Tabla_Plan_Actividad[[#This Row],[Fecha de fin Real]]-Indice_Plan_FechaInicio)/7),)} -> 0 | U30: =SUMIFS(Tabla_Registro_Tareas_Agregada[Minutos],Tabla_Registro_Tareas_Agregada[Actividad],plan!$C30)/60 -> 0
B31: 31 | I31: =Tabla_Plan_Actividad[[#This Row],[LPs individuales]]*Indice_PROBLAM_NumEstudiantes -> 0 | L31: =IF(K31<>"",1+INT((Tabla_Plan_Actividad[[#This Row],[Fecha de fin Plan]]-Indice_Plan_FechaInicio)/7),) -> 0 | N31: =IF(ISNUMBER(MATCH(plan!$C31, Tabla_Registro_Tareas1[Actividad], 0)),Indice_PROBLAM_Aux_Estado_Desarrollo,Indice_PROBLAM_Aux_Estado_SinIniciar) -> Sin iniciar | Q31: =IF(P31<>"",1+INT((Tabla_Plan_Actividad[[#This Row],[Fecha de fin Ideal]]-Indice_Plan_FechaInicio)/7),) -> 0 | R31: {=IF(plan!$N31<>Indice_PROBLAM_Aux_Estado_SinIniciar,INDEX(cronograma!$F$4:$AN$4,1,_xlfn.XMATCH(TRUE,cronograma!$F33:$AN33<>0,0)),Indice_Aux_SinFecha)} -> × | S31: {=IF(plan!$N31=Indice_PROBLAM_Aux_Estado_Finalizada,INDEX(cronograma!$F$4:$AL$4,1,_xlfn.XMATCH(TRUE,cronograma!$F33:$AL33<>0,0,-1)),Indice_Aux_SinFecha)} -> × | T31: {=IF(S31<>Indice_Aux_SinFecha,1+INT((Tabla_Plan_Actividad[[#This Row],[Fecha de fin Real]]-Indice_Plan_FechaInicio)/7),)} -> 0 | U31: =SUMIFS(Tabla_Registro_Tareas_Agregada[Minutos],Tabla_Registro_Tareas_Agregada[Actividad],plan!$C31)/60 -> 0
B32: 32 | I32: =Tabla_Plan_Actividad[[#This Row],[LPs individuales]]*Indice_PROBLAM_NumEstudiantes -> 0 | L32: =IF(K32<>"",1+INT((Tabla_Plan_Actividad[[#This Row],[Fecha de fin Plan]]-Indice_Plan_FechaInicio)/7),) -> 0 | N32: =IF(ISNUMBER(MATCH(plan!$C32, Tabla_Registro_Tareas1[Actividad], 0)),Indice_PROBLAM_Aux_Estado_Desarrollo,Indice_PROBLAM_Aux_Estado_SinIniciar) -> Sin iniciar | Q32: =IF(P32<>"",1+INT((Tabla_Plan_Actividad[[#This Row],[Fecha de fin Ideal]]-Indice_Plan_FechaInicio)/7),) -> 0 | R32: {=IF(plan!$N32<>Indice_PROBLAM_Aux_Estado_SinIniciar,INDEX(cronograma!$F$4:$AN$4,1,_xlfn.XMATCH(TRUE,cronograma!$F34:$AN34<>0,0)),Indice_Aux_SinFecha)} -> × | S32: {=IF(plan!$N32=Indice_PROBLAM_Aux_Estado_Finalizada,INDEX(cronograma!$F$4:$AL$4,1,_xlfn.XMATCH(TRUE,cronograma!$F34:$AL34<>0,0,-1)),Indice_Aux_SinFecha)} -> × | T32: {=IF(S32<>Indice_Aux_SinFecha,1+INT((Tabla_Plan_Actividad[[#This Row],[Fecha de fin Real]]-Indice_Plan_FechaInicio)/7),)} -> 0 | U32: =SUMIFS(Tabla_Registro_Tareas_Agregada[Minutos],Tabla_Registro_Tareas_Agregada[Actividad],plan!$C32)/60 -> 0
B33: 33 | I33: =Tabla_Plan_Actividad[[#This Row],[LPs individuales]]*Indice_PROBLAM_NumEstudiantes -> 0 | L33: =IF(K33<>"",1+INT((Tabla_Plan_Actividad[[#This Row],[Fecha de fin Plan]]-Indice_Plan_FechaInicio)/7),) -> 0 | N33: =IF(ISNUMBER(MATCH(plan!$C33, Tabla_Registro_Tareas1[Actividad], 0)),Indice_PROBLAM_Aux_Estado_Desarrollo,Indice_PROBLAM_Aux_Estado_SinIniciar) -> Sin iniciar | Q33: =IF(P33<>"",1+INT((Tabla_Plan_Actividad[[#This Row],[Fecha de fin Ideal]]-Indice_Plan_FechaInicio)/7),) -> 0 | R33: {=IF(plan!$N33<>Indice_PROBLAM_Aux_Estado_SinIniciar,INDEX(cronograma!$F$4:$AN$4,1,_xlfn.XMATCH(TRUE,cronograma!$F35:$AN35<>0,0)),Indice_Aux_SinFecha)} -> × | S33: {=IF(plan!$N33=Indice_PROBLAM_Aux_Estado_Finalizada,INDEX(cronograma!$F$4:$AL$4,1,_xlfn.XMATCH(TRUE,cronograma!$F35:$AL35<>0,0,-1)),Indice_Aux_SinFecha)} -> × | T33: {=IF(S33<>Indice_Aux_SinFecha,1+INT((Tabla_Plan_Actividad[[#This Row],[Fecha de fin Real]]-Indice_Plan_FechaInicio)/7),)} -> 0 | U33: =SUMIFS(Tabla_Registro_Tareas_Agregada[Minutos],Tabla_Registro_Tareas_Agregada[Actividad],plan!$C33)/60 -> 0
B34: 34 | I34: =Tabla_Plan_Actividad[[#This Row],[LPs individuales]]*Indice_PROBLAM_NumEstudiantes -> 0 | L34: =IF(K34<>"",1+INT((Tabla_Plan_Actividad[[#This Row],[Fecha de fin Plan]]-Indice_Plan_FechaInicio)/7),) -> 0 | N34: =IF(ISNUMBER(MATCH(plan!$C34, Tabla_Registro_Tareas1[Actividad], 0)),Indice_PROBLAM_Aux_Estado_Desarrollo,Indice_PROBLAM_Aux_Estado_SinIniciar) -> Sin iniciar | Q34: =IF(P34<>"",1+INT((Tabla_Plan_Actividad[[#This Row],[Fecha de fin Ideal]]-Indice_Plan_FechaInicio)/7),) -> 0 | R34: {=IF(plan!$N34<>Indice_PROBLAM_Aux_Estado_SinIniciar,INDEX(cronograma!$F$4:$AN$4,1,_xlfn.XMATCH(TRUE,cronograma!$F36:$AN36<>0,0)),Indice_Aux_SinFecha)} -> × | S34: {=IF(plan!$N34=Indice_PROBLAM_Aux_Estado_Finalizada,INDEX(cronograma!$F$4:$AL$4,1,_xlfn.XMATCH(TRUE,cronograma!$F36:$AL36<>0,0,-1)),Indice_Aux_SinFecha)} -> × | T34: {=IF(S34<>Indice_Aux_SinFecha,1+INT((Tabla_Plan_Actividad[[#This Row],[Fecha de fin Real]]-Indice_Plan_FechaInicio)/7),)} -> 0 | U34: =SUMIFS(Tabla_Registro_Tareas_Agregada[Minutos],Tabla_Registro_Tareas_Agregada[Actividad],plan!$C34)/60 -> 0
B35: 35 | I35: =Tabla_Plan_Actividad[[#This Row],[LPs individuales]]*Indice_PROBLAM_NumEstudiantes -> 0 | L35: =IF(K35<>"",1+INT((Tabla_Plan_Actividad[[#This Row],[Fecha de fin Plan]]-Indice_Plan_FechaInicio)/7),) -> 0 | N35: =IF(ISNUMBER(MATCH(plan!$C35, Tabla_Registro_Tareas1[Actividad], 0)),Indice_PROBLAM_Aux_Estado_Desarrollo,Indice_PROBLAM_Aux_Estado_SinIniciar) -> Sin iniciar | Q35: =IF(P35<>"",1+INT((Tabla_Plan_Actividad[[#This Row],[Fecha de fin Ideal]]-Indice_Plan_FechaInicio)/7),) -> 0 | R35: {=IF(plan!$N35<>Indice_PROBLAM_Aux_Estado_SinIniciar,INDEX(cronograma!$F$4:$AN$4,1,_xlfn.XMATCH(TRUE,cronograma!$F37:$AN37<>0,0)),Indice_Aux_SinFecha)} -> × | S35: {=IF(plan!$N35=Indice_PROBLAM_Aux_Estado_Finalizada,INDEX(cronograma!$F$4:$AL$4,1,_xlfn.XMATCH(TRUE,cronograma!$F37:$AL37<>0,0,-1)),Indice_Aux_SinFecha)} -> × | T35: {=IF(S35<>Indice_Aux_SinFecha,1+INT((Tabla_Plan_Actividad[[#This Row],[Fecha de fin Real]]-Indice_Plan_FechaInicio)/7),)} -> 0 | U35: =SUMIFS(Tabla_Registro_Tareas_Agregada[Minutos],Tabla_Registro_Tareas_Agregada[Actividad],plan!$C35)/60 -> 0
... B46: 46 | I46: =Tabla_Plan_Actividad[[#This Row],[LPs individuales]]*Indice_PROBLAM_NumEstudiantes -> 0 | L46: =IF(K46<>"",1+INT((Tabla_Plan_Actividad[[#This Row],[Fecha de fin Plan]]-Indice_Plan_FechaInicio)/7),) -> 0 | N46: =IF(ISNUMBER(MATCH(plan!$C46, Tabla_Registro_Tareas1[Actividad], 0)),Indice_PROBLAM_Aux_Estado_Desarrollo,Indice_PROBLAM_Aux_Estado_SinIniciar) -> Sin iniciar | Q46: =IF(P46<>"",1+INT((Tabla_Plan_Actividad[[#This Row],[Fecha de fin Ideal]]-Indice_Plan_FechaInicio)/7),) -> 0 | R46: {=IF(plan!$N46<>Indice_PROBLAM_Aux_Estado_SinIniciar,INDEX(cronograma!$F$4:$AN$4,1,_xlfn.XMATCH(TRUE,cronograma!$F48:$AN48<>0,0)),Indice_Aux_SinFecha)} -> × | S46: {=IF(plan!$N46=Indice_PROBLAM_Aux_Estado_Finalizada,INDEX(cronograma!$F$4:$AL$4,1,_xlfn.XMATCH(TRUE,cronograma!$F48:$AL48<>0,0,-1)),Indice_Aux_SinFecha)} -> × | T46: {=IF(S46<>Indice_Aux_SinFecha,1+INT((Tabla_Plan_Actividad[[#This Row],[Fecha de fin Real]]-Indice_Plan_FechaInicio)/7),)} -> 0 | U46: =SUMIFS(Tabla_Registro_Tareas_Agregada[Minutos],Tabla_Registro_Tareas_Agregada[Actividad],plan!$C46)/60 -> 0
B47: 47 | C47: Ficticia #1 | D47: Ciclo de vida | E47: Ficticia #1 | I47: =Tabla_Plan_Actividad[[#This Row],[LPs individuales]]*Indice_PROBLAM_NumEstudiantes -> 0 | J47: 46056 | K47: =Tabla_Plan_Actividad[[#This Row],[Fecha de inicio Plan]] -> 46056 | L47: 1 | M47: =Tabla_Plan_Actividad[[#This Row],[Fecha de fin Plan]] -> 46056 | N47: Sin iniciar | Q47: =IF(P47<>"",1+INT((Tabla_Plan_Actividad[[#This Row],[Fecha de fin Ideal]]-Indice_Plan_FechaInicio)/7),) -> 0 | R47: {=IF(plan!$N47<>Indice_PROBLAM_Aux_Estado_SinIniciar,INDEX(cronograma!$F$4:$AN$4,1,_xlfn.XMATCH(TRUE,cronograma!$F49:$AN49<>0,0)),Indice_Aux_SinFecha)} -> × | S47: {=IF(plan!$N47=Indice_PROBLAM_Aux_Estado_Finalizada,INDEX(cronograma!$F$4:$AL$4,1,_xlfn.XMATCH(TRUE,cronograma!$F49:$AL49<>0,0,-1)),Indice_Aux_SinFecha)} -> × | T47: {=IF(S47<>Indice_Aux_SinFecha,1+INT((Tabla_Plan_Actividad[[#This Row],[Fecha de fin Real]]-Indice_Plan_FechaInicio)/7),)} -> 0 | U47: =SUMIFS(Tabla_Registro_Tareas_Agregada[Minutos],Tabla_Registro_Tareas_Agregada[Actividad],plan!$C47)/60 -> 0
B48: 48 | C48: Ficticia #2 | D48: Ingeniería de datos | E48: Ficticia #2 | I48: =Tabla_Plan_Actividad[[#This Row],[LPs individuales]]*Indice_PROBLAM_NumEstudiantes -> 0 | J48: 46056 | K48: =Tabla_Plan_Actividad[[#This Row],[Fecha de inicio Plan]] -> 46056 | L48: 1 | M48: =Tabla_Plan_Actividad[[#This Row],[Fecha de fin Plan]] -> 46056 | N48: =IF(ISNUMBER(MATCH(plan!$C48, Tabla_Registro_Tareas1[Actividad], 0)),Indice_PROBLAM_Aux_Estado_Desarrollo,Indice_PROBLAM_Aux_Estado_SinIniciar) -> Sin iniciar | Q48: =IF(P48<>"",1+INT((Tabla_Plan_Actividad[[#This Row],[Fecha de fin Ideal]]-Indice_Plan_FechaInicio)/7),) -> 0 | R48: {=IF(plan!$N48<>Indice_PROBLAM_Aux_Estado_SinIniciar,INDEX(cronograma!$F$4:$AN$4,1,_xlfn.XMATCH(TRUE,cronograma!$F50:$AN50<>0,0)),Indice_Aux_SinFecha)} -> × | S48: {=IF(plan!$N48=Indice_PROBLAM_Aux_Estado_Finalizada,INDEX(cronograma!$F$4:$AL$4,1,_xlfn.XMATCH(TRUE,cronograma!$F50:$AL50<>0,0,-1)),Indice_Aux_SinFecha)} -> × | T48: {=IF(S48<>Indice_Aux_SinFecha,1+INT((Tabla_Plan_Actividad[[#This Row],[Fecha de fin Real]]-Indice_Plan_FechaInicio)/7),)} -> 0 | U48: =SUMIFS(Tabla_Registro_Tareas_Agregada[Minutos],Tabla_Registro_Tareas_Agregada[Actividad],plan!$C48)/60 -> 0
B49: 49 | C49: Ficticia #3 | D49: Diseño físico | E49: Ficticia #3 | I49: =Tabla_Plan_Actividad[[#This Row],[LPs individuales]]*Indice_PROBLAM_NumEstudiantes -> 0 | J49: 46056 | K49: =Tabla_Plan_Actividad[[#This Row],[Fecha de inicio Plan]] -> 46056 | L49: 1 | M49: =Tabla_Plan_Actividad[[#This Row],[Fecha de fin Plan]] -> 46056 | N49: =IF(ISNUMBER(MATCH(plan!$C49, Tabla_Registro_Tareas1[Actividad], 0)),Indice_PROBLAM_Aux_Estado_Desarrollo,Indice_PROBLAM_Aux_Estado_SinIniciar) -> Sin iniciar | Q49: =IF(P49<>"",1+INT((Tabla_Plan_Actividad[[#This Row],[Fecha de fin Ideal]]-Indice_Plan_FechaInicio)/7),) -> 0 | R49: {=IF(plan!$N49<>Indice_PROBLAM_Aux_Estado_SinIniciar,INDEX(cronograma!$F$4:$AN$4,1,_xlfn.XMATCH(TRUE,cronograma!$F51:$AN51<>0,0)),Indice_Aux_SinFecha)} -> × | S49: {=IF(plan!$N49=Indice_PROBLAM_Aux_Estado_Finalizada,INDEX(cronograma!$F$4:$AL$4,1,_xlfn.XMATCH(TRUE,cronograma!$F51:$AL51<>0,0,-1)),Indice_Aux_SinFecha)} -> × | T49: {=IF(S49<>Indice_Aux_SinFecha,1+INT((Tabla_Plan_Actividad[[#This Row],[Fecha de fin Real]]-Indice_Plan_FechaInicio)/7),)} -> 0 | U49: =SUMIFS(Tabla_Registro_Tareas_Agregada[Minutos],Tabla_Registro_Tareas_Agregada[Actividad],plan!$C49)/60 -> 0
B50: 50 | C50: Ficticia #4 | D50: Equipo | E50: Ficticia #4 | I50: =Tabla_Plan_Actividad[[#This Row],[LPs individuales]]*Indice_PROBLAM_NumEstudiantes -> 0 | J50: 46056 | K50: =Tabla_Plan_Actividad[[#This Row],[Fecha de inicio Plan]] -> 46056 | L50: 1 | M50: =Tabla_Plan_Actividad[[#This Row],[Fecha de fin Plan]] -> 46056 | N50: =IF(ISNUMBER(MATCH(plan!$C50, Tabla_Registro_Tareas1[Actividad], 0)),Indice_PROBLAM_Aux_Estado_Desarrollo,Indice_PROBLAM_Aux_Estado_SinIniciar) -> Sin iniciar | Q50: =IF(P50<>"",1+INT((Tabla_Plan_Actividad[[#This Row],[Fecha de fin Ideal]]-Indice_Plan_FechaInicio)/7),) -> 0 | R50: {=IF(plan!$N50<>Indice_PROBLAM_Aux_Estado_SinIniciar,INDEX(cronograma!$F$4:$AN$4,1,_xlfn.XMATCH(TRUE,cronograma!$F52:$AN52<>0,0)),Indice_Aux_SinFecha)} -> × | S50: {=IF(plan!$N50=Indice_PROBLAM_Aux_Estado_Finalizada,INDEX(cronograma!$F$4:$AL$4,1,_xlfn.XMATCH(TRUE,cronograma!$F52:$AL52<>0,0,-1)),Indice_Aux_SinFecha)} -> × | T50: {=IF(S50<>Indice_Aux_SinFecha,1+INT((Tabla_Plan_Actividad[[#This Row],[Fecha de fin Real]]-Indice_Plan_FechaInicio)/7),)} -> 0 | U50: =SUMIFS(Tabla_Registro_Tareas_Agregada[Minutos],Tabla_Registro_Tareas_Agregada[Actividad],plan!$C50)/60 -> 0
B51: 51 | C51: Ficticia #5 | D51: Gestión de transacciones | E51: Ficticia #5 | I51: =Tabla_Plan_Actividad[[#This Row],[LPs individuales]]*Indice_PROBLAM_NumEstudiantes -> 0 | J51: 46056 | K51: =Tabla_Plan_Actividad[[#This Row],[Fecha de inicio Plan]] -> 46056 | L51: 1 | M51: =Tabla_Plan_Actividad[[#This Row],[Fecha de fin Plan]] -> 46056 | N51: =IF(ISNUMBER(MATCH(plan!$C51, Tabla_Registro_Tareas1[Actividad], 0)),Indice_PROBLAM_Aux_Estado_Desarrollo,Indice_PROBLAM_Aux_Estado_SinIniciar) -> Sin iniciar | Q51: =IF(P51<>"",1+INT((Tabla_Plan_Actividad[[#This Row],[Fecha de fin Ideal]]-Indice_Plan_FechaInicio)/7),) -> 0 | R51: {=IF(plan!$N51<>Indice_PROBLAM_Aux_Estado_SinIniciar,INDEX(cronograma!$F$4:$AN$4,1,_xlfn.XMATCH(TRUE,cronograma!$F53:$AN53<>0,0)),Indice_Aux_SinFecha)} -> × | S51: {=IF(plan!$N51=Indice_PROBLAM_Aux_Estado_Finalizada,INDEX(cronograma!$F$4:$AL$4,1,_xlfn.XMATCH(TRUE,cronograma!$F53:$AL53<>0,0,-1)),Indice_Aux_SinFecha)} -> × | T51: {=IF(S51<>Indice_Aux_SinFecha,1+INT((Tabla_Plan_Actividad[[#This Row],[Fecha de fin Real]]-Indice_Plan_FechaInicio)/7),)} -> 0 | U51: =SUMIFS(Tabla_Registro_Tareas_Agregada[Minutos],Tabla_Registro_Tareas_Agregada[Actividad],plan!$C51)/60 -> 0
B52: 52 | C52: Ficticia #6 | D52: SQL avanzado | E52: Ficticia #6 | I52: =Tabla_Plan_Actividad[[#This Row],[LPs individuales]]*Indice_PROBLAM_NumEstudiantes -> 0 | J52: 46056 | K52: =Tabla_Plan_Actividad[[#This Row],[Fecha de inicio Plan]] -> 46056 | L52: 1 | M52: =Tabla_Plan_Actividad[[#This Row],[Fecha de fin Plan]] -> 46056 | N52: =IF(ISNUMBER(MATCH(plan!$C52, Tabla_Registro_Tareas1[Actividad], 0)),Indice_PROBLAM_Aux_Estado_Desarrollo,Indice_PROBLAM_Aux_Estado_SinIniciar) -> Sin iniciar | Q52: =IF(P52<>"",1+INT((Tabla_Plan_Actividad[[#This Row],[Fecha de fin Ideal]]-Indice_Plan_FechaInicio)/7),) -> 0 | R52: {=IF(plan!$N52<>Indice_PROBLAM_Aux_Estado_SinIniciar,INDEX(cronograma!$F$4:$AN$4,1,_xlfn.XMATCH(TRUE,cronograma!$F54:$AN54<>0,0)),Indice_Aux_SinFecha)} -> × | S52: {=IF(plan!$N52=Indice_PROBLAM_Aux_Estado_Finalizada,INDEX(cronograma!$F$4:$AL$4,1,_xlfn.XMATCH(TRUE,cronograma!$F54:$AL54<>0,0,-1)),Indice_Aux_SinFecha)} -> × | T52: {=IF(S52<>Indice_Aux_SinFecha,1+INT((Tabla_Plan_Actividad[[#This Row],[Fecha de fin Real]]-Indice_Plan_FechaInicio)/7),)} -> 0 | U52: =SUMIFS(Tabla_Registro_Tareas_Agregada[Minutos],Tabla_Registro_Tareas_Agregada[Actividad],plan!$C52)/60 -> 0
C53: =COUNTA(Tabla_Plan_Actividad[Actividad]) -> 26 | I53: =SUM(Tabla_Plan_Actividad[Learning Points]) -> 360 | U53: =SUM(Tabla_Plan_Actividad[Horas de trabajo]) -> 0

Sheet cronograma
C2: =problam!B23 -> Sprint #2 | D2: Learning Points | E2: Esfuerzo (horas) | F2: Semana #1 | M2: Semana #2 | T2: Semana #3 | AA2: Semana #4 | AH2: Semana #5 | AO2: Semana #6
D4: =Tabla_Plan_Actividad[[#Totals],[Learning Points]] -> 360 | E4: =Tabla_Plan_Actividad[[#Totals],[Horas de trabajo]] -> 0 | F4: =problam!B24 -> 46097 | G4: =F4+1 -> 46098 | H4: =G4+1 -> 46099 | I4: =H4+1 -> 46100 | J4: =I4+1 -> 46101 | K4: =J4+1 -> 46102 | L4: =K4+1 -> 46103 | M4: =L4+1 -> 46104 | N4: =M4+1 -> 46105 | ... AU4: =AT4+1 -> 46138
B5: =plan!B4 -> 4 | C5: =plan!C4 -> Comprensión del pliego técnico | D5: {=INDEX(plan!$I:$I, $B5)} -> 20 | E5: {=INDEX(plan!$U:$U, $B5)} -> 0 | F5: {=IF(AND(F$4>=INDEX(plan!$J:$J, $B5), F$4<=INDEX(plan!$K:$K, $B5)),1,0)} -> 1 | G5: {=IF(AND(G$4>=INDEX(plan!$J:$J, $B5), G$4<=INDEX(plan!$K:$K, $B5)),1,0)} -> 1 | H5: {=IF(AND(H$4>=INDEX(plan!$J:$J, $B5), H$4<=INDEX(plan!$K:$K, $B5)),1,0)} -> 1 | I5: {=IF(AND(I$4>=INDEX(plan!$J:$J, $B5), I$4<=INDEX(plan!$K:$K, $B5)),1,0)} -> 1 | J5: {=IF(AND(J$4>=INDEX(plan!$J:$J, $B5), J$4<=INDEX(plan!$K:$K, $B5)),1,0)} -> 0 | K5: {=IF(AND(K$4>=INDEX(plan!$J:$J, $B5), K$4<=INDEX(plan!$K:$K, $B5)),1,0)} -> 0 | L5: {=IF(AND(L$4>=INDEX(plan!$J:$J, $B5), L$4<=INDEX(plan!$K:$K, $B5)),1,0)} -> 0 | M5: {=IF(AND(M$4>=INDEX(plan!$J:$J, $B5), M$4<=INDEX(plan!$K:$K, $B5)),1,0)} -> 0 | ... AU5: {=IF(AND(AU$4>=INDEX(plan!$J:$J, $B5), AU$4<=INDEX(plan!$K:$K, $B5)),1,0)} -> 0
F6: {=_xlfn.LET( _xlpm.act, cronograma!$C5, _xlpm.fecha, cronograma!F$4, _xlpm.ini, INDEX(plan!$J:$J, $B5), _xlpm.fin, INDEX(plan!$K:$K, $B5), _xlpm.existe, COUNTIFS( Tabla_Registro_Tareas_Agregada[Actividad], _xlpm.act, Tabla_Registro_Tareas_Agregada[Fecha], _xlpm.fecha ), IF(_xlpm.existe=0, 0, IF(AND(_xlpm.fecha>=_xlpm.ini, _xlpm.fecha<=_xlpm.fin), 1, -1)) )} -> 0 | G6: {=_xlfn.LET( _xlpm.act, cronograma!$C5, _xlpm.fecha, cronograma!G$4, _xlpm.ini, INDEX(plan!$J:$J, $B5), _xlpm.fin, INDEX(plan!$K:$K, $B5), _xlpm.existe, COUNTIFS( Tabla_Registro_Tareas_Agregada[Actividad], _xlpm.act, Tabla_Registro_Tareas_Agregada[Fecha], _xlpm.fecha ), IF(_xlpm.existe=0, 0, IF(AND(_xlpm.fecha>=_xlpm.ini, _xlpm.fecha<=_xlpm.fin), 1, -1)) )} -> 0 | H6: {=_xlfn.LET( _xlpm.act, cronograma!$C5, _xlpm.fecha, cronograma!H$4, _xlpm.ini, INDEX(plan!$J:$J, $B5), _xlpm.fin, INDEX(plan!$K:$K, $B5), _xlpm.existe, COUNTIFS( Tabla_Registro_Tareas_Agregada[Actividad], _xlpm.act, Tabla_Registro_Tareas_Agregada[Fecha], _xlpm.fecha ), IF(_xlpm.existe=0, 0, IF(AND(_xlpm.fecha>=_xlpm.ini, _xlpm.fecha<=_xlpm.fin), 1, -1)) )} -> 0 | I6: {=_xlfn.LET( _xlpm.act, cronograma!$C5, _xlpm.fecha, cronograma!I$4, _xlpm.ini, INDEX(plan!$J:$J, $B5), _xlpm.fin, INDEX(plan!$K:$K, $B5), _xlpm.existe, COUNTIFS( Tabla_Registro_Tareas_Agregada[Actividad], _xlpm.act, Tabla_Registro_Tareas_Agregada[Fecha], _xlpm.fecha ), IF(_xlpm.existe=0, 0, IF(AND(_xlpm.fecha>=_xlpm.ini, _xlpm.fecha<=_xlpm.fin), 1, -1)) )} -> 0 | J6: {=_xlfn.LET( _xlpm.act, cronograma!$C5, _xlpm.fecha, cronograma!J$4, _xlpm.ini, INDEX(plan!$J:$J, $B5), _xlpm.fin, INDEX(plan!$K:$K, $B5), _xlpm.existe, COUNTIFS( Tabla_Registro_Tareas_Agregada[Actividad], _xlpm.act, Tabla_Registro_Tareas_Agregada[Fecha], _xlpm.fecha ), IF(_xlpm.existe=0, 0, IF(AND(_xlpm.fecha>=_xlpm.ini, _xlpm.fecha<=_xlpm.fin), 1, -1)) )} -> 0 | K6: {=_xlfn.LET( _xlpm.act, cronograma!$C5, _xlpm.fecha, cronograma!K$4, _xlpm.ini, INDEX(plan!$J:$J, $B5), _xlpm.fin, INDEX(plan!$K:$K, $B5), _xlpm.existe, COUNTIFS( Tabla_Registro_Tareas_Agregada[Actividad], _xlpm.act, Tabla_Registro_Tareas_Agregada[Fecha], _xlpm.fecha ), IF(_xlpm.existe=0, 0, IF(AND(_xlpm.fecha>=_xlpm.ini, _xlpm.fecha<=_xlpm.fin), 1, -1)) )} -> 0 | L6: {=_xlfn.LET( _xlpm.act, cronograma!$C5, _xlpm.fecha, cronograma!L$4, _xlpm.ini, INDEX(plan!$J:$J, $B5), _xlpm.fin, INDEX(plan!$K:$K, $B5), _xlpm.existe, COUNTIFS( Tabla_Registro_Tareas_Agregada[Actividad], _xlpm.act, Tabla_Registro_Tareas_Agregada[Fecha], _xlpm.fecha ), IF(_xlpm.existe=0, 0, IF(AND(_xlpm.fecha>=_xlpm.ini, _xlpm.fecha<=_xlpm.fin), 1, -1)) )} -> 0 | M6: {=_xlfn.LET( _xlpm.act, cronograma!$C5, _xlpm.fecha, cronograma!M$4, _xlpm.ini, INDEX(plan!$J:$J, $B5), _xlpm.fin, INDEX(plan!$K:$K, $B5), _xlpm.existe, COUNTIFS( Tabla_Registro_Tareas_Agregada[Actividad], _xlpm.act, Tabla_Registro_Tareas_Agregada[Fecha], _xlpm.fecha ), IF(_xlpm.existe=0, 0, IF(AND(_xlpm.fecha>=_xlpm.ini, _xlpm.fecha<=_xlpm.fin), 1, -1)) )} -> 0 | ... AU6: {=_xlfn.LET( _xlpm.act, cronograma!$C5, _xlpm.fecha, cronograma!AU$4, _xlpm.ini, INDEX(plan!$J:$J, $B5), _xlpm.fin, INDEX(plan!$K:$K, $B5), _xlpm.existe, COUNTIFS( Tabla_Registro_Tareas_Agregada[Actividad], _xlpm.act, Tabla_Registro_Tareas_Agregada[Fecha], _xlpm.fecha ), IF(_xlpm.existe=0, 0, IF(AND(_xlpm.fecha>=_xlpm.ini, _xlpm.fecha<=_xlpm.fin), 1, -1)) )} -> 0
B7: =plan!B5 -> 5 | C7: =plan!C5 -> Reunión de inicio | D7: {=INDEX(plan!$I:$I, $B7)} -> 15 | E7: {=INDEX(plan!$U:$U, $B7)} -> 0 | F7: {=IF(AND(F$4>=INDEX(plan!$J:$J, $B7), F$4<=INDEX(plan!$K:$K, $B7)),1,0)} -> 0 | G7: {=IF(AND(G$4>=INDEX(plan!$J:$J, $B7), G$4<=INDEX(plan!$K:$K, $B7)),1,0)} -> 0 | H7: {=IF(AND(H$4>=INDEX(plan!$J:$J, $B7), H$4<=INDEX(plan!$K:$K, $B7)),1,0)} -> 0 | I7: {=IF(AND(I$4>=INDEX(plan!$J:$J, $B7), I$4<=INDEX(plan!$K:$K, $B7)),1,0)} -> 1 | J7: {=IF(AND(J$4>=INDEX(plan!$J:$J, $B7), J$4<=INDEX(plan!$K:$K, $B7)),1,0)} -> 1 | K7: {=IF(AND(K$4>=INDEX(plan!$J:$J, $B7), K$4<=INDEX(plan!$K:$K, $B7)),1,0)} -> 0 | L7: {=IF(AND(L$4>=INDEX(plan!$J:$J, $B7), L$4<=INDEX(plan!$K:$K, $B7)),1,0)} -> 0 | M7: {=IF(AND(M$4>=INDEX(plan!$J:$J, $B7), M$4<=INDEX(plan!$K:$K, $B7)),1,0)} -> 0 | ... AU7: {=IF(AND(AU$4>=INDEX(plan!$J:$J, $B7), AU$4<=INDEX(plan!$K:$K, $B7)),1,0)} -> 0
F8: {=_xlfn.LET( _xlpm.act, cronograma!$C7, _xlpm.fecha, cronograma!F$4, _xlpm.ini, INDEX(plan!$J:$J, $B7), _xlpm.fin, INDEX(plan!$K:$K, $B7), _xlpm.existe, COUNTIFS( Tabla_Registro_Tareas_Agregada[Actividad], _xlpm.act, Tabla_Registro_Tareas_Agregada[Fecha], _xlpm.fecha ), IF(_xlpm.existe=0, 0, IF(AND(_xlpm.fecha>=_xlpm.ini, _xlpm.fecha<=_xlpm.fin), 1, -1)) )} -> 0 | G8: {=_xlfn.LET( _xlpm.act, cronograma!$C7, _xlpm.fecha, cronograma!G$4, _xlpm.ini, INDEX(plan!$J:$J, $B7), _xlpm.fin, INDEX(plan!$K:$K, $B7), _xlpm.existe, COUNTIFS( Tabla_Registro_Tareas_Agregada[Actividad], _xlpm.act, Tabla_Registro_Tareas_Agregada[Fecha], _xlpm.fecha ), IF(_xlpm.existe=0, 0, IF(AND(_xlpm.fecha>=_xlpm.ini, _xlpm.fecha<=_xlpm.fin), 1, -1)) )} -> 0 | H8: {=_xlfn.LET( _xlpm.act, cronograma!$C7, _xlpm.fecha, cronograma!H$4, _xlpm.ini, INDEX(plan!$J:$J, $B7), _xlpm.fin, INDEX(plan!$K:$K, $B7), _xlpm.existe, COUNTIFS( Tabla_Registro_Tareas_Agregada[Actividad], _xlpm.act, Tabla_Registro_Tareas_Agregada[Fecha], _xlpm.fecha ), IF(_xlpm.existe=0, 0, IF(AND(_xlpm.fecha>=_xlpm.ini, _xlpm.fecha<=_xlpm.fin), 1, -1)) )} -> 0 | I8: {=_xlfn.LET( _xlpm.act, cronograma!$C7, _xlpm.fecha, cronograma!I$4, _xlpm.ini, INDEX(plan!$J:$J, $B7), _xlpm.fin, INDEX(plan!$K:$K, $B7), _xlpm.existe, COUNTIFS( Tabla_Registro_Tareas_Agregada[Actividad], _xlpm.act, Tabla_Registro_Tareas_Agregada[Fecha], _xlpm.fecha ), IF(_xlpm.existe=0, 0, IF(AND(_xlpm.fecha>=_xlpm.ini, _xlpm.fecha<=_xlpm.fin), 1, -1)) )} -> 0 | J8: {=_xlfn.LET( _xlpm.act, cronograma!$C7, _xlpm.fecha, cronograma!J$4, _xlpm.ini, INDEX(plan!$J:$J, $B7), _xlpm.fin, INDEX(plan!$K:$K, $B7), _xlpm.existe, COUNTIFS( Tabla_Registro_Tareas_Agregada[Actividad], _xlpm.act, Tabla_Registro_Tareas_Agregada[Fecha], _xlpm.fecha ), IF(_xlpm.existe=0, 0, IF(AND(_xlpm.fecha>=_xlpm.ini, _xlpm.fecha<=_xlpm.fin), 1, -1)) )} -> 0 | K8: {=_xlfn.LET( _xlpm.act, cronograma!$C7, _xlpm.fecha, cronograma!K$4, _xlpm.ini, INDEX(plan!$J:$J, $B7), _xlpm.fin, INDEX(plan!$K:$K, $B7), _xlpm.existe, COUNTIFS( Tabla_Registro_Tareas_Agregada[Actividad], _xlpm.act, Tabla_Registro_Tareas_Agregada[Fecha], _xlpm.fecha ), IF(_xlpm.existe=0, 0, IF(AND(_xlpm.fecha>=_xlpm.ini, _xlpm.fecha<=_xlpm.fin), 1, -1)) )} -> 0 | L8: {=_xlfn.LET( _xlpm.act, cronograma!$C7, _xlpm.fecha, cronograma!L$4, _xlpm.ini, INDEX(plan!$J:$J, $B7), _xlpm.fin, INDEX(plan!$K:$K, $B7), _xlpm.existe, COUNTIFS( Tabla_Registro_Tareas_Agregada[Actividad], _xlpm.act, Tabla_Registro_Tareas_Agregada[Fecha], _xlpm.fecha ), IF(_xlpm.existe=0, 0, IF(AND(_xlpm.fecha>=_xlpm.ini, _xlpm.fecha<=_xlpm.fin), 1, -1)) )} -> 0 | M8: {=_xlfn.LET( _xlpm.act, cronograma!$C7, _xlpm.fecha, cronograma!M$4, _xlpm.ini, INDEX(plan!$J:$J, $B7), _xlpm.fin, INDEX(plan!$K:$K, $B7), _xlpm.existe, COUNTIFS( Tabla_Registro_Tareas_Agregada[Actividad], _xlpm.act, Tabla_Registro_Tareas_Agregada[Fecha], _xlpm.fecha ), IF(_xlpm.existe=0, 0, IF(AND(_xlpm.fecha>=_xlpm.ini, _xlpm.fecha<=_xlpm.fin), 1, -1)) )} -> 0 | ... AU8: {=_xlfn.LET( _xlpm.act, cronograma!$C7, _xlpm.fecha, cronograma!AU$4, _xlpm.ini, INDEX(plan!$J:$J, $B7), _xlpm.fin, INDEX(plan!$K:$K, $B7), _xlpm.existe, COUNTIFS( Tabla_Registro_Tareas_Agregada[Actividad], _xlpm.act, Tabla_Registro_Tareas_Agregada[Fecha], _xlpm.fecha ), IF(_xlpm.existe=0, 0, IF(AND(_xlpm.fecha>=_xlpm.ini, _xlpm.fecha<=_xlpm.fin), 1, -1)) )} -> 0
B9: =plan!B6 -> 6 | C9: =plan!C6 -> Gestión de cambios Diccionario | D9: {=INDEX(plan!$I:$I, $B9)} -> 5 | E9: {=INDEX(plan!$U:$U, $B9)} -> 0 | F9: {=IF(AND(F$4>=INDEX(plan!$J:$J, $B9), F$4<=INDEX(plan!$K:$K, $B9)),1,0)} -> 0 | G9: {=IF(AND(G$4>=INDEX(plan!$J:$J, $B9), G$4<=INDEX(plan!$K:$K, $B9)),1,0)} -> 0 | H9: {=IF(AND(H$4>=INDEX(plan!$J:$J, $B9), H$4<=INDEX(plan!$K:$K, $B9)),1,0)} -> 0 | I9: {=IF(AND(I$4>=INDEX(plan!$J:$J, $B9), I$4<=INDEX(plan!$K:$K, $B9)),1,0)} -> 0 | J9: {=IF(AND(J$4>=INDEX(plan!$J:$J, $B9), J$4<=INDEX(plan!$K:$K, $B9)),1,0)} -> 1 | K9: {=IF(AND(K$4>=INDEX(plan!$J:$J, $B9), K$4<=INDEX(plan!$K:$K, $B9)),1,0)} -> 1 | L9: {=IF(AND(L$4>=INDEX(plan!$J:$J, $B9), L$4<=INDEX(plan!$K:$K, $B9)),1,0)} -> 1 | M9: {=IF(AND(M$4>=INDEX(plan!$J:$J, $B9), M$4<=INDEX(plan!$K:$K, $B9)),1,0)} -> 1 | ... AU9: {=IF(AND(AU$4>=INDEX(plan!$J:$J, $B9), AU$4<=INDEX(plan!$K:$K, $B9)),1,0)} -> 0
F10: {=_xlfn.LET( _xlpm.act, cronograma!$C9, _xlpm.fecha, cronograma!F$4, _xlpm.ini, INDEX(plan!$J:$J, $B9), _xlpm.fin, INDEX(plan!$K:$K, $B9), _xlpm.existe, COUNTIFS( Tabla_Registro_Tareas_Agregada[Actividad], _xlpm.act, Tabla_Registro_Tareas_Agregada[Fecha], _xlpm.fecha ), IF(_xlpm.existe=0, 0, IF(AND(_xlpm.fecha>=_xlpm.ini, _xlpm.fecha<=_xlpm.fin), 1, -1)) )} -> 0 | G10: {=_xlfn.LET( _xlpm.act, cronograma!$C9, _xlpm.fecha, cronograma!G$4, _xlpm.ini, INDEX(plan!$J:$J, $B9), _xlpm.fin, INDEX(plan!$K:$K, $B9), _xlpm.existe, COUNTIFS( Tabla_Registro_Tareas_Agregada[Actividad], _xlpm.act, Tabla_Registro_Tareas_Agregada[Fecha], _xlpm.fecha ), IF(_xlpm.existe=0, 0, IF(AND(_xlpm.fecha>=_xlpm.ini, _xlpm.fecha<=_xlpm.fin), 1, -1)) )} -> 0 | H10: {=_xlfn.LET( _xlpm.act, cronograma!$C9, _xlpm.fecha, cronograma!H$4, _xlpm.ini, INDEX(plan!$J:$J, $B9), _xlpm.fin, INDEX(plan!$K:$K, $B9), _xlpm.existe, COUNTIFS( Tabla_Registro_Tareas_Agregada[Actividad], _xlpm.act, Tabla_Registro_Tareas_Agregada[Fecha], _xlpm.fecha ), IF(_xlpm.existe=0, 0, IF(AND(_xlpm.fecha>=_xlpm.ini, _xlpm.fecha<=_xlpm.fin), 1, -1)) )} -> 0 | I10: {=_xlfn.LET( _xlpm.act, cronograma!$C9, _xlpm.fecha, cronograma!I$4, _xlpm.ini, INDEX(plan!$J:$J, $B9), _xlpm.fin, INDEX(plan!$K:$K, $B9), _xlpm.existe, COUNTIFS( Tabla_Registro_Tareas_Agregada[Actividad], _xlpm.act, Tabla_Registro_Tareas_Agregada[Fecha], _xlpm.fecha ), IF(_xlpm.existe=0, 0, IF(AND(_xlpm.fecha>=_xlpm.ini, _xlpm.fecha<=_xlpm.fin), 1, -1)) )} -> 0 | J10: {=_xlfn.LET( _xlpm.act, cronograma!$C9, _xlpm.fecha, cronograma!J$4, _xlpm.ini, INDEX(plan!$J:$J, $B9), _xlpm.fin, INDEX(plan!$K:$K, $B9), _xlpm.existe, COUNTIFS( Tabla_Registro_Tareas_Agregada[Actividad], _xlpm.act, Tabla_Registro_Tareas_Agregada[Fecha], _xlpm.fecha ), IF(_xlpm.existe=0, 0, IF(AND(_xlpm.fecha>=_xlpm.ini, _xlpm.fecha<=_xlpm.fin), 1, -1)) )} -> 0 | K10: {=_xlfn.LET( _xlpm.act, cronograma!$C9, _xlpm.fecha, cronograma!K$4, _xlpm.ini, INDEX(plan!$J:$J, $B9), _xlpm.fin, INDEX(plan!$K:$K, $B9), _xlpm.existe, COUNTIFS( Tabla_Registro_Tareas_Agregada[Actividad], _xlpm.act, Tabla_Registro_Tareas_Agregada[Fecha], _xlpm.fecha ), IF(_xlpm.existe=0, 0, IF(AND(_xlpm.fecha>=_xlpm.ini, _xlpm.fecha<=_xlpm.fin), 1, -1)) )} -> 0 | L10: {=_xlfn.LET( _xlpm.act, cronograma!$C9, _xlpm.fecha, cronograma!L$4, _xlpm.ini, INDEX(plan!$J:$J, $B9), _xlpm.fin, INDEX(plan!$K:$K, $B9), _xlpm.existe, COUNTIFS( Tabla_Registro_Tareas_Agregada[Actividad], _xlpm.act, Tabla_Registro_Tareas_Agregada[Fecha], _xlpm.fecha ), IF(_xlpm.existe=0, 0, IF(AND(_xlpm.fecha>=_xlpm.ini, _xlpm.fecha<=_xlpm.fin), 1, -1)) )} -> 0 | M10: {=_xlfn.LET( _xlpm.act, cronograma!$C9, _xlpm.fecha, cronograma!M$4, _xlpm.ini, INDEX(plan!$J:$J, $B9), _xlpm.fin, INDEX(plan!$K:$K, $B9), _xlpm.existe, COUNTIFS( Tabla_Registro_Tareas_Agregada[Actividad], _xlpm.act, Tabla_Registro_Tareas_Agregada[Fecha], _xlpm.fecha ), IF(_xlpm.existe=0, 0, IF(AND(_xlpm.fecha>=_xlpm.ini, _xlpm.fecha<=_xlpm.fin), 1, -1)) )} -> 0 | ... AU10: {=_xlfn.LET( _xlpm.act, cronograma!$C9, _xlpm.fecha, cronograma!AU$4, _xlpm.ini, INDEX(plan!$J:$J, $B9), _xlpm.fin, INDEX(plan!$K:$K, $B9), _xlpm.existe, COUNTIFS( Tabla_Registro_Tareas_Agregada[Actividad], _xlpm.act, Tabla_Registro_Tareas_Agregada[Fecha], _xlpm.fecha ), IF(_xlpm.existe=0, 0, IF(AND(_xlpm.fecha>=_xlpm.ini, _xlpm.fecha<=_xlpm.fin), 1, -1)) )} -> 0
B11: =plan!B7 -> 7 | C11: =plan!C7 -> Gestión de cambios Integridad | D11: {=INDEX(plan!$I:$I, $B11)} -> 10 | E11: {=INDEX(plan!$U:$U, $B11)} -> 0 | F11: {=IF(AND(F$4>=INDEX(plan!$J:$J, $B11), F$4<=INDEX(plan!$K:$K, $B11)),1,0)} -> 0 | G11: {=IF(AND(G$4>=INDEX(plan!$J:$J, $B11), G$4<=INDEX(plan!$K:$K, $B11)),1,0)} -> 0 | H11: {=IF(AND(H$4>=INDEX(plan!$J:$J, $B11), H$4<=INDEX(plan!$K:$K, $B11)),1,0)} -> 0 | I11: {=IF(AND(I$4>=INDEX(plan!$J:$J, $B11), I$4<=INDEX(plan!$K:$K, $B11)),1,0)} -> 0 | J11: {=IF(AND(J$4>=INDEX(plan!$J:$J, $B11), J$4<=INDEX(plan!$K:$K, $B11)),1,0)} -> 0 | K11: {=IF(AND(K$4>=INDEX(plan!$J:$J, $B11), K$4<=INDEX(plan!$K:$K, $B11)),1,0)} -> 0 | L11: {=IF(AND(L$4>=INDEX(plan!$J:$J, $B11), L$4<=INDEX(plan!$K:$K, $B11)),1,0)} -> 0 | M11: {=IF(AND(M$4>=INDEX(plan!$J:$J, $B11), M$4<=INDEX(plan!$K:$K, $B11)),1,0)} -> 1 | ... AU11: {=IF(AND(AU$4>=INDEX(plan!$J:$J, $B11), AU$4<=INDEX(plan!$K:$K, $B11)),1,0)} -> 0
F12: {=_xlfn.LET( _xlpm.act, cronograma!$C11, _xlpm.fecha, cronograma!F$4, _xlpm.ini, INDEX(plan!$J:$J, $B11), _xlpm.fin, INDEX(plan!$K:$K, $B11), _xlpm.existe, COUNTIFS( Tabla_Registro_Tareas_Agregada[Actividad], _xlpm.act, Tabla_Registro_Tareas_Agregada[Fecha], _xlpm.fecha ), IF(_xlpm.existe=0, 0, IF(AND(_xlpm.fecha>=_xlpm.ini, _xlpm.fecha<=_xlpm.fin), 1, -1)) )} -> 0 | G12: {=_xlfn.LET( _xlpm.act, cronograma!$C11, _xlpm.fecha, cronograma!G$4, _xlpm.ini, INDEX(plan!$J:$J, $B11), _xlpm.fin, INDEX(plan!$K:$K, $B11), _xlpm.existe, COUNTIFS( Tabla_Registro_Tareas_Agregada[Actividad], _xlpm.act, Tabla_Registro_Tareas_Agregada[Fecha], _xlpm.fecha ), IF(_xlpm.existe=0, 0, IF(AND(_xlpm.fecha>=_xlpm.ini, _xlpm.fecha<=_xlpm.fin), 1, -1)) )} -> 0 | H12: {=_xlfn.LET( _xlpm.act, cronograma!$C11, _xlpm.fecha, cronograma!H$4, _xlpm.ini, INDEX(plan!$J:$J, $B11), _xlpm.fin, INDEX(plan!$K:$K, $B11), _xlpm.existe, COUNTIFS( Tabla_Registro_Tareas_Agregada[Actividad], _xlpm.act, Tabla_Registro_Tareas_Agregada[Fecha], _xlpm.fecha ), IF(_xlpm.existe=0, 0, IF(AND(_xlpm.fecha>=_xlpm.ini, _xlpm.fecha<=_xlpm.fin), 1, -1)) )} -> 0 | I12: {=_xlfn.LET( _xlpm.act, cronograma!$C11, _xlpm.fecha, cronograma!I$4, _xlpm.ini, INDEX(plan!$J:$J, $B11), _xlpm.fin, INDEX(plan!$K:$K, $B11), _xlpm.existe, COUNTIFS( Tabla_Registro_Tareas_Agregada[Actividad], _xlpm.act, Tabla_Registro_Tareas_Agregada[Fecha], _xlpm.fecha ), IF(_xlpm.existe=0, 0, IF(AND(_xlpm.fecha>=_xlpm.ini, _xlpm.fecha<=_xlpm.fin), 1, -1)) )} -> 0 | J12: {=_xlfn.LET( _xlpm.act, cronograma!$C11, _xlpm.fecha, cronograma!J$4, _xlpm.ini, INDEX(plan!$J:$J, $B11), _xlpm.fin, INDEX(plan!$K:$K, $B11), _xlpm.existe, COUNTIFS( Tabla_Registro_Tareas_Agregada[Actividad], _xlpm.act, Tabla_Registro_Tareas_Agregada[Fecha], _xlpm.fecha ), IF(_xlpm.existe=0, 0, IF(AND(_xlpm.fecha>=_xlpm.ini, _xlpm.fecha<=_xlpm.fin), 1, -1)) )} -> 0 | K12: {=_xlfn.LET( _xlpm.act, cronograma!$C11, _xlpm.fecha, cronograma!K$4, _xlpm.ini, INDEX(plan!$J:$J, $B11), _xlpm.fin, INDEX(plan!$K:$K, $B11), _xlpm.existe, COUNTIFS( Tabla_Registro_Tareas_Agregada[Actividad], _xlpm.act, Tabla_Registro_Tareas_Agregada[Fecha], _xlpm.fecha ), IF(_xlpm.existe=0, 0, IF(AND(_xlpm.fecha>=_xlpm.ini, _xlpm.fecha<=_xlpm.fin), 1, -1)) )} -> 0 | L12: {=_xlfn.LET( _xlpm.act, cronograma!$C11, _xlpm.fecha, cronograma!L$4, _xlpm.ini, INDEX(plan!$J:$J, $B11), _xlpm.fin, INDEX(plan!$K:$K, $B11), _xlpm.existe, COUNTIFS( Tabla_Registro_Tareas_Agregada[Actividad], _xlpm.act, Tabla_Registro_Tareas_Agregada[Fecha], _xlpm.fecha ), IF(_xlpm.existe=0, 0, IF(AND(_xlpm.fecha>=_xlpm.ini, _xlpm.fecha<=_xlpm.fin), 1, -1)) )} -> 0 | M12: {=_xlfn.LET( _xlpm.act, cronograma!$C11, _xlpm.fecha, cronograma!M$4, _xlpm.ini, INDEX(plan!$J:$J, $B11), _xlpm.fin, INDEX(plan!$K:$K, $B11), _xlpm.existe, COUNTIFS( Tabla_Registro_Tareas_Agregada[Actividad], _xlpm.act, Tabla_Registro_Tareas_Agregada[Fecha], _xlpm.fecha ), IF(_xlpm.existe=0, 0, IF(AND(_xlpm.fecha>=_xlpm.ini, _xlpm.fecha<=_xlpm.fin), 1, -1)) )} -> 0 | ... AU12: {=_xlfn.LET( _xlpm.act, cronograma!$C11, _xlpm.fecha, cronograma!AU$4, _xlpm.ini, INDEX(plan!$J:$J, $B11), _xlpm.fin, INDEX(plan!$K:$K, $B11), _xlpm.existe, COUNTIFS( Tabla_Registro_Tareas_Agregada[Actividad], _xlpm.act, Tabla_Registro_Tareas_Agregada[Fecha], _xlpm.fecha ), IF(_xlpm.existe=0, 0, IF(AND(_xlpm.fecha>=_xlpm.ini, _xlpm.fecha<=_xlpm.fin), 1, -1)) )} -> 0
B13: =plan!B8 -> 8 | C13: =plan!C8 -> Gestión de cambios Procesos | D13: {=INDEX(plan!$I:$I, $B13)} -> 10 | E13: {=INDEX(plan!$U:$U, $B13)} -> 0 | F13: {=IF(AND(F$4>=INDEX(plan!$J:$J, $B13), F$4<=INDEX(plan!$K:$K, $B13)),1,0)} -> 0 | G13: {=IF(AND(G$4>=INDEX(plan!$J:$J, $B13), G$4<=INDEX(plan!$K:$K, $B13)),1,0)} -> 0 | H13: {=IF(AND(H$4>=INDEX(plan!$J:$J, $B13), H$4<=INDEX(plan!$K:$K, $B13)),1,0)} -> 0 | I13: {=IF(AND(I$4>=INDEX(plan!$J:$J, $B13), I$4<=INDEX(plan!$K:$K, $B13)),1,0)} -> 0 | J13: {=IF(AND(J$4>=INDEX(plan!$J:$J, $B13), J$4<=INDEX(plan!$K:$K, $B13)),1,0)} -> 0 | K13: {=IF(AND(K$4>=INDEX(plan!$J:$J, $B13), K$4<=INDEX(plan!$K:$K, $B13)),1,0)} -> 0 | L13: {=IF(AND(L$4>=INDEX(plan!$J:$J, $B13), L$4<=INDEX(plan!$K:$K, $B13)),1,0)} -> 0 | M13: {=IF(AND(M$4>=INDEX(plan!$J:$J, $B13), M$4<=INDEX(plan!$K:$K, $B13)),1,0)} -> 1 | ... AU13: {=IF(AND(AU$4>=INDEX(plan!$J:$J, $B13), AU$4<=INDEX(plan!$K:$K, $B13)),1,0)} -> 0
F14: {=_xlfn.LET( _xlpm.act, cronograma!$C13, _xlpm.fecha, cronograma!F$4, _xlpm.ini, INDEX(plan!$J:$J, $B13), _xlpm.fin, INDEX(plan!$K:$K, $B13), _xlpm.existe, COUNTIFS( Tabla_Registro_Tareas_Agregada[Actividad], _xlpm.act, Tabla_Registro_Tareas_Agregada[Fecha], _xlpm.fecha ), IF(_xlpm.existe=0, 0, IF(AND(_xlpm.fecha>=_xlpm.ini, _xlpm.fecha<=_xlpm.fin), 1, -1)) )} -> 0 | G14: {=_xlfn.LET( _xlpm.act, cronograma!$C13, _xlpm.fecha, cronograma!G$4, _xlpm.ini, INDEX(plan!$J:$J, $B13), _xlpm.fin, INDEX(plan!$K:$K, $B13), _xlpm.existe, COUNTIFS( Tabla_Registro_Tareas_Agregada[Actividad], _xlpm.act, Tabla_Registro_Tareas_Agregada[Fecha], _xlpm.fecha ), IF(_xlpm.existe=0, 0, IF(AND(_xlpm.fecha>=_xlpm.ini, _xlpm.fecha<=_xlpm.fin), 1, -1)) )} -> 0 | H14: {=_xlfn.LET( _xlpm.act, cronograma!$C13, _xlpm.fecha, cronograma!H$4, _xlpm.ini, INDEX(plan!$J:$J, $B13), _xlpm.fin, INDEX(plan!$K:$K, $B13), _xlpm.existe, COUNTIFS( Tabla_Registro_Tareas_Agregada[Actividad], _xlpm.act, Tabla_Registro_Tareas_Agregada[Fecha], _xlpm.fecha ), IF(_xlpm.existe=0, 0, IF(AND(_xlpm.fecha>=_xlpm.ini, _xlpm.fecha<=_xlpm.fin), 1, -1)) )} -> 0 | I14: {=_xlfn.LET( _xlpm.act, cronograma!$C13, _xlpm.fecha, cronograma!I$4, _xlpm.ini, INDEX(plan!$J:$J, $B13), _xlpm.fin, INDEX(plan!$K:$K, $B13), _xlpm.existe, COUNTIFS( Tabla_Registro_Tareas_Agregada[Actividad], _xlpm.act, Tabla_Registro_Tareas_Agregada[Fecha], _xlpm.fecha ), IF(_xlpm.existe=0, 0, IF(AND(_xlpm.fecha>=_xlpm.ini, _xlpm.fecha<=_xlpm.fin), 1, -1)) )} -> 0 | J14: {=_xlfn.LET( _xlpm.act, cronograma!$C13, _xlpm.fecha, cronograma!J$4, _xlpm.ini, INDEX(plan!$J:$J, $B13), _xlpm.fin, INDEX(plan!$K:$K, $B13), _xlpm.existe, COUNTIFS( Tabla_Registro_Tareas_Agregada[Actividad], _xlpm.act, Tabla_Registro_Tareas_Agregada[Fecha], _xlpm.fecha ), IF(_xlpm.existe=0, 0, IF(AND(_xlpm.fecha>=_xlpm.ini, _xlpm.fecha<=_xlpm.fin), 1, -1)) )} -> 0 | K14: {=_xlfn.LET( _xlpm.act, cronograma!$C13, _xlpm.fecha, cronograma!K$4, _xlpm.ini, INDEX(plan!$J:$J, $B13), _xlpm.fin, INDEX(plan!$K:$K, $B13), _xlpm.existe, COUNTIFS( Tabla_Registro_Tareas_Agregada[Actividad], _xlpm.act, Tabla_Registro_Tareas_Agregada[Fecha], _xlpm.fecha ), IF(_xlpm.existe=0, 0, IF(AND(_xlpm.fecha>=_xlpm.ini, _xlpm.fecha<=_xlpm.fin), 1, -1)) )} -> 0 | L14: {=_xlfn.LET( _xlpm.act, cronograma!$C13, _xlpm.fecha, cronograma!L$4, _xlpm.ini, INDEX(plan!$J:$J, $B13), _xlpm.fin, INDEX(plan!$K:$K, $B13), _xlpm.existe, COUNTIFS( Tabla_Registro_Tareas_Agregada[Actividad], _xlpm.act, Tabla_Registro_Tareas_Agregada[Fecha], _xlpm.fecha ), IF(_xlpm.existe=0, 0, IF(AND(_xlpm.fecha>=_xlpm.ini, _xlpm.fecha<=_xlpm.fin), 1, -1)) )} -> 0 | M14: {=_xlfn.LET( _xlpm.act, cronograma!$C13, _xlpm.fecha, cronograma!M$4, _xlpm.ini, INDEX(plan!$J:$J, $B13), _xlpm.fin, INDEX(plan!$K:$K, $B13), _xlpm.existe, COUNTIFS( Tabla_Registro_Tareas_Agregada[Actividad], _xlpm.act, Tabla_Registro_Tareas_Agregada[Fecha], _xlpm.fecha ), IF(_xlpm.existe=0, 0, IF(AND(_xlpm.fecha>=_xlpm.ini, _xlpm.fecha<=_xlpm.fin), 1, -1)) )} -> 0 | ... AU14: {=_xlfn.LET( _xlpm.act, cronograma!$C13, _xlpm.fecha, cronograma!AU$4, _xlpm.ini, INDEX(plan!$J:$J, $B13), _xlpm.fin, INDEX(plan!$K:$K, $B13), _xlpm.existe, COUNTIFS( Tabla_Registro_Tareas_Agregada[Actividad], _xlpm.act, Tabla_Registro_Tareas_Agregada[Fecha], _xlpm.fecha ), IF(_xlpm.existe=0, 0, IF(AND(_xlpm.fecha>=_xlpm.ini, _xlpm.fecha<=_xlpm.fin), 1, -1)) )} -> 0
B15: =plan!B9 -> 9 | C15: =plan!C9 -> Gestión de cambios ETL | D15: {=INDEX(plan!$I:$I, $B15)} -> 35 | E15: {=INDEX(plan!$U:$U, $B15)} -> 0 | F15: {=IF(AND(F$4>=INDEX(plan!$J:$J, $B15), F$4<=INDEX(plan!$K:$K, $B15)),1,0)} -> 0 | G15: {=IF(AND(G$4>=INDEX(plan!$J:$J, $B15), G$4<=INDEX(plan!$K:$K, $B15)),1,0)} -> 0 | H15: {=IF(AND(H$4>=INDEX(plan!$J:$J, $B15), H$4<=INDEX(plan!$K:$K, $B15)),1,0)} -> 0 | I15: {=IF(AND(I$4>=INDEX(plan!$J:$J, $B15), I$4<=INDEX(plan!$K:$K, $B15)),1,0)} -> 0 | J15: {=IF(AND(J$4>=INDEX(plan!$J:$J, $B15), J$4<=INDEX(plan!$K:$K, $B15)),1,0)} -> 0 | K15: {=IF(AND(K$4>=INDEX(plan!$J:$J, $B15), K$4<=INDEX(plan!$K:$K, $B15)),1,0)} -> 0 | L15: {=IF(AND(L$4>=INDEX(plan!$J:$J, $B15), L$4<=INDEX(plan!$K:$K, $B15)),1,0)} -> 0 | M15: {=IF(AND(M$4>=INDEX(plan!$J:$J, $B15), M$4<=INDEX(plan!$K:$K, $B15)),1,0)} -> 0 | ... AU15: {=IF(AND(AU$4>=INDEX(plan!$J:$J, $B15), AU$4<=INDEX(plan!$K:$K, $B15)),1,0)} -> 0
F16: {=_xlfn.LET( _xlpm.act, cronograma!$C15, _xlpm.fecha, cronograma!F$4, _xlpm.ini, INDEX(plan!$J:$J, $B15), _xlpm.fin, INDEX(plan!$K:$K, $B15), _xlpm.existe, COUNTIFS( Tabla_Registro_Tareas_Agregada[Actividad], _xlpm.act, Tabla_Registro_Tareas_Agregada[Fecha], _xlpm.fecha ), IF(_xlpm.existe=0, 0, IF(AND(_xlpm.fecha>=_xlpm.ini, _xlpm.fecha<=_xlpm.fin), 1, -1)) )} -> 0 | G16: {=_xlfn.LET( _xlpm.act, cronograma!$C15, _xlpm.fecha, cronograma!G$4, _xlpm.ini, INDEX(plan!$J:$J, $B15), _xlpm.fin, INDEX(plan!$K:$K, $B15), _xlpm.existe, COUNTIFS( Tabla_Registro_Tareas_Agregada[Actividad], _xlpm.act, Tabla_Registro_Tareas_Agregada[Fecha], _xlpm.fecha ), IF(_xlpm.existe=0, 0, IF(AND(_xlpm.fecha>=_xlpm.ini, _xlpm.fecha<=_xlpm.fin), 1, -1)) )} -> 0 | H16: {=_xlfn.LET( _xlpm.act, cronograma!$C15, _xlpm.fecha, cronograma!H$4, _xlpm.ini, INDEX(plan!$J:$J, $B15), _xlpm.fin, INDEX(plan!$K:$K, $B15), _xlpm.existe, COUNTIFS( Tabla_Registro_Tareas_Agregada[Actividad], _xlpm.act, Tabla_Registro_Tareas_Agregada[Fecha], _xlpm.fecha ), IF(_xlpm.existe=0, 0, IF(AND(_xlpm.fecha>=_xlpm.ini, _xlpm.fecha<=_xlpm.fin), 1, -1)) )} -> 0 | I16: {=_xlfn.LET( _xlpm.act, cronograma!$C15, _xlpm.fecha, cronograma!I$4, _xlpm.ini, INDEX(plan!$J:$J, $B15), _xlpm.fin, INDEX(plan!$K:$K, $B15), _xlpm.existe, COUNTIFS( Tabla_Registro_Tareas_Agregada[Actividad], _xlpm.act, Tabla_Registro_Tareas_Agregada[Fecha], _xlpm.fecha ), IF(_xlpm.existe=0, 0, IF(AND(_xlpm.fecha>=_xlpm.ini, _xlpm.fecha<=_xlpm.fin), 1, -1)) )} -> 0 | J16: {=_xlfn.LET( _xlpm.act, cronograma!$C15, _xlpm.fecha, cronograma!J$4, _xlpm.ini, INDEX(plan!$J:$J, $B15), _xlpm.fin, INDEX(plan!$K:$K, $B15), _xlpm.existe, COUNTIFS( Tabla_Registro_Tareas_Agregada[Actividad], _xlpm.act, Tabla_Registro_Tareas_Agregada[Fecha], _xlpm.fecha ), IF(_xlpm.existe=0, 0, IF(AND(_xlpm.fecha>=_xlpm.ini, _xlpm.fecha<=_xlpm.fin), 1, -1)) )} -> 0 | K16: {=_xlfn.LET( _xlpm.act, cronograma!$C15, _xlpm.fecha, cronograma!K$4, _xlpm.ini, INDEX(plan!$J:$J, $B15), _xlpm.fin, INDEX(plan!$K:$K, $B15), _xlpm.existe, COUNTIFS( Tabla_Registro_Tareas_Agregada[Actividad], _xlpm.act, Tabla_Registro_Tareas_Agregada[Fecha], _xlpm.fecha ), IF(_xlpm.existe=0, 0, IF(AND(_xlpm.fecha>=_xlpm.ini, _xlpm.fecha<=_xlpm.fin), 1, -1)) )} -> 0 | L16: {=_xlfn.LET( _xlpm.act, cronograma!$C15, _xlpm.fecha, cronograma!L$4, _xlpm.ini, INDEX(plan!$J:$J, $B15), _xlpm.fin, INDEX(plan!$K:$K, $B15), _xlpm.existe, COUNTIFS( Tabla_Registro_Tareas_Agregada[Actividad], _xlpm.act, Tabla_Registro_Tareas_Agregada[Fecha], _xlpm.fecha ), IF(_xlpm.existe=0, 0, IF(AND(_xlpm.fecha>=_xlpm.ini, _xlpm.fecha<=_xlpm.fin), 1, -1)) )} -> 0 | M16: {=_xlfn.LET( _xlpm.act, cronograma!$C15, _xlpm.fecha, cronograma!M$4, _xlpm.ini, INDEX(plan!$J:$J, $B15), _xlpm.fin, INDEX(plan!$K:$K, $B15), _xlpm.existe, COUNTIFS( Tabla_Registro_Tareas_Agregada[Actividad], _xlpm.act, Tabla_Registro_Tareas_Agregada[Fecha], _xlpm.fecha ), IF(_xlpm.existe=0, 0, IF(AND(_xlpm.fecha>=_xlpm.ini, _xlpm.fecha<=_xlpm.fin), 1, -1)) )} -> 0 | ... AU16: {=_xlfn.LET( _xlpm.act, cronograma!$C15, _xlpm.fecha, cronograma!AU$4, _xlpm.ini, INDEX(plan!$J:$J, $B15), _xlpm.fin, INDEX(plan!$K:$K, $B15), _xlpm.existe, COUNTIFS( Tabla_Registro_Tareas_Agregada[Actividad], _xlpm.act, Tabla_Registro_Tareas_Agregada[Fecha], _xlpm.fecha ), IF(_xlpm.existe=0, 0, IF(AND(_xlpm.fecha>=_xlpm.ini, _xlpm.fecha<=_xlpm.fin), 1, -1)) )} -> 0
B17: =plan!B10 -> 10 | C17: =plan!C10 -> Gestión de cambios Datos sintéticos | D17: {=INDEX(plan!$I:$I, $B17)} -> 35 | E17: {=INDEX(plan!$U:$U, $B17)} -> 0 | F17: {=IF(AND(F$4>=INDEX(plan!$J:$J, $B17), F$4<=INDEX(plan!$K:$K, $B17)),1,0)} -> 0 | G17: {=IF(AND(G$4>=INDEX(plan!$J:$J, $B17), G$4<=INDEX(plan!$K:$K, $B17)),1,0)} -> 0 | H17: {=IF(AND(H$4>=INDEX(plan!$J:$J, $B17), H$4<=INDEX(plan!$K:$K, $B17)),1,0)} -> 0 | I17: {=IF(AND(I$4>=INDEX(plan!$J:$J, $B17), I$4<=INDEX(plan!$K:$K, $B17)),1,0)} -> 0 | J17: {=IF(AND(J$4>=INDEX(plan!$J:$J, $B17), J$4<=INDEX(plan!$K:$K, $B17)),1,0)} -> 0 | K17: {=IF(AND(K$4>=INDEX(plan!$J:$J, $B17), K$4<=INDEX(plan!$K:$K, $B17)),1,0)} -> 0 | L17: {=IF(AND(L$4>=INDEX(plan!$J:$J, $B17), L$4<=INDEX(plan!$K:$K, $B17)),1,0)} -> 0 | M17: {=IF(AND(M$4>=INDEX(plan!$J:$J, $B17), M$4<=INDEX(plan!$K:$K, $B17)),1,0)} -> 0 | ... AU17: {=IF(AND(AU$4>=INDEX(plan!$J:$J, $B17), AU$4<=INDEX(plan!$K:$K, $B17)),1,0)} -> 0
F18: {=_xlfn.LET( _xlpm.act, cronograma!$C17, _xlpm.fecha, cronograma!F$4, _xlpm.ini, INDEX(plan!$J:$J, $B17), _xlpm.fin, INDEX(plan!$K:$K, $B17), _xlpm.existe, COUNTIFS( Tabla_Registro_Tareas_Agregada[Actividad], _xlpm.act, Tabla_Registro_Tareas_Agregada[Fecha], _xlpm.fecha ), IF(_xlpm.existe=0, 0, IF(AND(_xlpm.fecha>=_xlpm.ini, _xlpm.fecha<=_xlpm.fin), 1, -1)) )} -> 0 | G18: {=_xlfn.LET( _xlpm.act, cronograma!$C17, _xlpm.fecha, cronograma!G$4, _xlpm.ini, INDEX(plan!$J:$J, $B17), _xlpm.fin, INDEX(plan!$K:$K, $B17), _xlpm.existe, COUNTIFS( Tabla_Registro_Tareas_Agregada[Actividad], _xlpm.act, Tabla_Registro_Tareas_Agregada[Fecha], _xlpm.fecha ), IF(_xlpm.existe=0, 0, IF(AND(_xlpm.fecha>=_xlpm.ini, _xlpm.fecha<=_xlpm.fin), 1, -1)) )} -> 0 | H18: {=_xlfn.LET( _xlpm.act, cronograma!$C17, _xlpm.fecha, cronograma!H$4, _xlpm.ini, INDEX(plan!$J:$J, $B17), _xlpm.fin, INDEX(plan!$K:$K, $B17), _xlpm.existe, COUNTIFS( Tabla_Registro_Tareas_Agregada[Actividad], _xlpm.act, Tabla_Registro_Tareas_Agregada[Fecha], _xlpm.fecha ), IF(_xlpm.existe=0, 0, IF(AND(_xlpm.fecha>=_xlpm.ini, _xlpm.fecha<=_xlpm.fin), 1, -1)) )} -> 0 | I18: {=_xlfn.LET( _xlpm.act, cronograma!$C17, _xlpm.fecha, cronograma!I$4, _xlpm.ini, INDEX(plan!$J:$J, $B17), _xlpm.fin, INDEX(plan!$K:$K, $B17), _xlpm.existe, COUNTIFS( Tabla_Registro_Tareas_Agregada[Actividad], _xlpm.act, Tabla_Registro_Tareas_Agregada[Fecha], _xlpm.fecha ), IF(_xlpm.existe=0, 0, IF(AND(_xlpm.fecha>=_xlpm.ini, _xlpm.fecha<=_xlpm.fin), 1, -1)) )} -> 0 | J18: {=_xlfn.LET( _xlpm.act, cronograma!$C17, _xlpm.fecha, cronograma!J$4, _xlpm.ini, INDEX(plan!$J:$J, $B17), _xlpm.fin, INDEX(plan!$K:$K, $B17), _xlpm.existe, COUNTIFS( Tabla_Registro_Tareas_Agregada[Actividad], _xlpm.act, Tabla_Registro_Tareas_Agregada[Fecha], _xlpm.fecha ), IF(_xlpm.existe=0, 0, IF(AND(_xlpm.fecha>=_xlpm.ini, _xlpm.fecha<=_xlpm.fin), 1, -1)) )} -> 0 | K18: {=_xlfn.LET( _xlpm.act, cronograma!$C17, _xlpm.fecha, cronograma!K$4, _xlpm.ini, INDEX(plan!$J:$J, $B17), _xlpm.fin, INDEX(plan!$K:$K, $B17), _xlpm.existe, COUNTIFS( Tabla_Registro_Tareas_Agregada[Actividad], _xlpm.act, Tabla_Registro_Tareas_Agregada[Fecha], _xlpm.fecha ), IF(_xlpm.existe=0, 0, IF(AND(_xlpm.fecha>=_xlpm.ini, _xlpm.fecha<=_xlpm.fin), 1, -1)) )} -> 0 | L18: {=_xlfn.LET( _xlpm.act, cronograma!$C17, _xlpm.fecha, cronograma!L$4, _xlpm.ini, INDEX(plan!$J:$J, $B17), _xlpm.fin, INDEX(plan!$K:$K, $B17), _xlpm.existe, COUNTIFS( Tabla_Registro_Tareas_Agregada[Actividad], _xlpm.act, Tabla_Registro_Tareas_Agregada[Fecha], _xlpm.fecha ), IF(_xlpm.existe=0, 0, IF(AND(_xlpm.fecha>=_xlpm.ini, _xlpm.fecha<=_xlpm.fin), 1, -1)) )} -> 0 | M18: {=_xlfn.LET( _xlpm.act, cronograma!$C17, _xlpm.fecha, cronograma!M$4, _xlpm.ini, INDEX(plan!$J:$J, $B17), _xlpm.fin, INDEX(plan!$K:$K, $B17), _xlpm.existe, COUNTIFS( Tabla_Registro_Tareas_Agregada[Actividad], _xlpm.act, Tabla_Registro_Tareas_Agregada[Fecha], _xlpm.fecha ), IF(_xlpm.existe=0, 0, IF(AND(_xlpm.fecha>=_xlpm.ini, _xlpm.fecha<=_xlpm.fin), 1, -1)) )} -> 0 | ... AU18: {=_xlfn.LET( _xlpm.act, cronograma!$C17, _xlpm.fecha, cronograma!AU$4, _xlpm.ini, INDEX(plan!$J:$J, $B17), _xlpm.fin, INDEX(plan!$K:$K, $B17), _xlpm.existe, COUNTIFS( Tabla_Registro_Tareas_Agregada[Actividad], _xlpm.act, Tabla_Registro_Tareas_Agregada[Fecha], _xlpm.fecha ), IF(_xlpm.existe=0, 0, IF(AND(_xlpm.fecha>=_xlpm.ini, _xlpm.fecha<=_xlpm.fin), 1, -1)) )} -> 0
B19: =plan!B11 -> 11 | C19: =plan!C11 -> Reunión de sincronización #1 | D19: {=INDEX(plan!$I:$I, $B19)} -> 5 | E19: {=INDEX(plan!$U:$U, $B19)} -> 0 | F19: {=IF(AND(F$4>=INDEX(plan!$J:$J, $B19), F$4<=INDEX(plan!$K:$K, $B19)),1,0)} -> 0 | G19: {=IF(AND(G$4>=INDEX(plan!$J:$J, $B19), G$4<=INDEX(plan!$K:$K, $B19)),1,0)} -> 0 | H19: {=IF(AND(H$4>=INDEX(plan!$J:$J, $B19), H$4<=INDEX(plan!$K:$K, $B19)),1,0)} -> 0 | I19: {=IF(AND(I$4>=INDEX(plan!$J:$J, $B19), I$4<=INDEX(plan!$K:$K, $B19)),1,0)} -> 0 | J19: {=IF(AND(J$4>=INDEX(plan!$J:$J, $B19), J$4<=INDEX(plan!$K:$K, $B19)),1,0)} -> 0 | K19: {=IF(AND(K$4>=INDEX(plan!$J:$J, $B19), K$4<=INDEX(plan!$K:$K, $B19)),1,0)} -> 0 | L19: {=IF(AND(L$4>=INDEX(plan!$J:$J, $B19), L$4<=INDEX(plan!$K:$K, $B19)),1,0)} -> 0 | M19: {=IF(AND(M$4>=INDEX(plan!$J:$J, $B19), M$4<=INDEX(plan!$K:$K, $B19)),1,0)} -> 0 | ... AU19: {=IF(AND(AU$4>=INDEX(plan!$J:$J, $B19), AU$4<=INDEX(plan!$K:$K, $B19)),1,0)} -> 0
F20: {=_xlfn.LET( _xlpm.act, cronograma!$C19, _xlpm.fecha, cronograma!F$4, _xlpm.ini, INDEX(plan!$J:$J, $B19), _xlpm.fin, INDEX(plan!$K:$K, $B19), _xlpm.existe, COUNTIFS( Tabla_Registro_Tareas_Agregada[Actividad], _xlpm.act, Tabla_Registro_Tareas_Agregada[Fecha], _xlpm.fecha ), IF(_xlpm.existe=0, 0, IF(AND(_xlpm.fecha>=_xlpm.ini, _xlpm.fecha<=_xlpm.fin), 1, -1)) )} -> 0 | G20: {=_xlfn.LET( _xlpm.act, cronograma!$C19, _xlpm.fecha, cronograma!G$4, _xlpm.ini, INDEX(plan!$J:$J, $B19), _xlpm.fin, INDEX(plan!$K:$K, $B19), _xlpm.existe, COUNTIFS( Tabla_Registro_Tareas_Agregada[Actividad], _xlpm.act, Tabla_Registro_Tareas_Agregada[Fecha], _xlpm.fecha ), IF(_xlpm.existe=0, 0, IF(AND(_xlpm.fecha>=_xlpm.ini, _xlpm.fecha<=_xlpm.fin), 1, -1)) )} -> 0 | H20: {=_xlfn.LET( _xlpm.act, cronograma!$C19, _xlpm.fecha, cronograma!H$4, _xlpm.ini, INDEX(plan!$J:$J, $B19), _xlpm.fin, INDEX(plan!$K:$K, $B19), _xlpm.existe, COUNTIFS( Tabla_Registro_Tareas_Agregada[Actividad], _xlpm.act, Tabla_Registro_Tareas_Agregada[Fecha], _xlpm.fecha ), IF(_xlpm.existe=0, 0, IF(AND(_xlpm.fecha>=_xlpm.ini, _xlpm.fecha<=_xlpm.fin), 1, -1)) )} -> 0 | I20: {=_xlfn.LET( _xlpm.act, cronograma!$C19, _xlpm.fecha, cronograma!I$4, _xlpm.ini, INDEX(plan!$J:$J, $B19), _xlpm.fin, INDEX(plan!$K:$K, $B19), _xlpm.existe, COUNTIFS( Tabla_Registro_Tareas_Agregada[Actividad], _xlpm.act, Tabla_Registro_Tareas_Agregada[Fecha], _xlpm.fecha ), IF(_xlpm.existe=0, 0, IF(AND(_xlpm.fecha>=_xlpm.ini, _xlpm.fecha<=_xlpm.fin), 1, -1)) )} -> 0 | J20: {=_xlfn.LET( _xlpm.act, cronograma!$C19, _xlpm.fecha, cronograma!J$4, _xlpm.ini, INDEX(plan!$J:$J, $B19), _xlpm.fin, INDEX(plan!$K:$K, $B19), _xlpm.existe, COUNTIFS( Tabla_Registro_Tareas_Agregada[Actividad], _xlpm.act, Tabla_Registro_Tareas_Agregada[Fecha], _xlpm.fecha ), IF(_xlpm.existe=0, 0, IF(AND(_xlpm.fecha>=_xlpm.ini, _xlpm.fecha<=_xlpm.fin), 1, -1)) )} -> 0 | K20: {=_xlfn.LET( _xlpm.act, cronograma!$C19, _xlpm.fecha, cronograma!K$4, _xlpm.ini, INDEX(plan!$J:$J, $B19), _xlpm.fin, INDEX(plan!$K:$K, $B19), _xlpm.existe, COUNTIFS( Tabla_Registro_Tareas_Agregada[Actividad], _xlpm.act, Tabla_Registro_Tareas_Agregada[Fecha], _xlpm.fecha ), IF(_xlpm.existe=0, 0, IF(AND(_xlpm.fecha>=_xlpm.ini, _xlpm.fecha<=_xlpm.fin), 1, -1)) )} -> 0 | L20: {=_xlfn.LET( _xlpm.act, cronograma!$C19, _xlpm.fecha, cronograma!L$4, _xlpm.ini, INDEX(plan!$J:$J, $B19), _xlpm.fin, INDEX(plan!$K:$K, $B19), _xlpm.existe, COUNTIFS( Tabla_Registro_Tareas_Agregada[Actividad], _xlpm.act, Tabla_Registro_Tareas_Agregada[Fecha], _xlpm.fecha ), IF(_xlpm.existe=0, 0, IF(AND(_xlpm.fecha>=_xlpm.ini, _xlpm.fecha<=_xlpm.fin), 1, -1)) )} -> 0 | M20: {=_xlfn.LET( _xlpm.act, cronograma!$C19, _xlpm.fecha, cronograma!M$4, _xlpm.ini, INDEX(plan!$J:$J, $B19), _xlpm.fin, INDEX(plan!$K:$K, $B19), _xlpm.existe, COUNTIFS( Tabla_Registro_Tareas_Agregada[Actividad], _xlpm.act, Tabla_Registro_Tareas_Agregada[Fecha], _xlpm.fecha ), IF(_xlpm.existe=0, 0, IF(AND(_xlpm.fecha>=_xlpm.ini, _xlpm.fecha<=_xlpm.fin), 1, -1)) )} -> 0 | ... AU20: {=_xlfn.LET( _xlpm.act, cronograma!$C19, _xlpm.fecha, cronograma!AU$4, _xlpm.ini, INDEX(plan!$J:$J, $B19), _xlpm.fin, INDEX(plan!$K:$K, $B19), _xlpm.existe, COUNTIFS( Tabla_Registro_Tareas_Agregada[Actividad], _xlpm.act, Tabla_Registro_Tareas_Agregada[Fecha], _xlpm.fecha ), IF(_xlpm.existe=0, 0, IF(AND(_xlpm.fecha>=_xlpm.ini, _xlpm.fecha<=_xlpm.fin), 1, -1)) )} -> 0
B21: =plan!B12 -> 12 | C21: =plan!C12 -> Evaluar baseline de almacenamiento | D21: {=INDEX(plan!$I:$I, $B21)} -> 60 | E21: {=INDEX(plan!$U:$U, $B21)} -> 0 | F21: {=IF(AND(F$4>=INDEX(plan!$J:$J, $B21), F$4<=INDEX(plan!$K:$K, $B21)),1,0)} -> 0 | G21: {=IF(AND(G$4>=INDEX(plan!$J:$J, $B21), G$4<=INDEX(plan!$K:$K, $B21)),1,0)} -> 0 | H21: {=IF(AND(H$4>=INDEX(plan!$J:$J, $B21), H$4<=INDEX(plan!$K:$K, $B21)),1,0)} -> 0 | I21: {=IF(AND(I$4>=INDEX(plan!$J:$J, $B21), I$4<=INDEX(plan!$K:$K, $B21)),1,0)} -> 0 | J21: {=IF(AND(J$4>=INDEX(plan!$J:$J, $B21), J$4<=INDEX(plan!$K:$K, $B21)),1,0)} -> 0 | K21: {=IF(AND(K$4>=INDEX(plan!$J:$J, $B21), K$4<=INDEX(plan!$K:$K, $B21)),1,0)} -> 0 | L21: {=IF(AND(L$4>=INDEX(plan!$J:$J, $B21), L$4<=INDEX(plan!$K:$K, $B21)),1,0)} -> 0 | M21: {=IF(AND(M$4>=INDEX(plan!$J:$J, $B21), M$4<=INDEX(plan!$K:$K, $B21)),1,0)} -> 0 | ... AU21: {=IF(AND(AU$4>=INDEX(plan!$J:$J, $B21), AU$4<=INDEX(plan!$K:$K, $B21)),1,0)} -> 0
F22: {=_xlfn.LET( _xlpm.act, cronograma!$C21, _xlpm.fecha, cronograma!F$4, _xlpm.ini, INDEX(plan!$J:$J, $B21), _xlpm.fin, INDEX(plan!$K:$K, $B21), _xlpm.existe, COUNTIFS( Tabla_Registro_Tareas_Agregada[Actividad], _xlpm.act, Tabla_Registro_Tareas_Agregada[Fecha], _xlpm.fecha ), IF(_xlpm.existe=0, 0, IF(AND(_xlpm.fecha>=_xlpm.ini, _xlpm.fecha<=_xlpm.fin), 1, -1)) )} -> 0 | G22: {=_xlfn.LET( _xlpm.act, cronograma!$C21, _xlpm.fecha, cronograma!G$4, _xlpm.ini, INDEX(plan!$J:$J, $B21), _xlpm.fin, INDEX(plan!$K:$K, $B21), _xlpm.existe, COUNTIFS( Tabla_Registro_Tareas_Agregada[Actividad], _xlpm.act, Tabla_Registro_Tareas_Agregada[Fecha], _xlpm.fecha ), IF(_xlpm.existe=0, 0, IF(AND(_xlpm.fecha>=_xlpm.ini, _xlpm.fecha<=_xlpm.fin), 1, -1)) )} -> 0 | H22: {=_xlfn.LET( _xlpm.act, cronograma!$C21, _xlpm.fecha, cronograma!H$4, _xlpm.ini, INDEX(plan!$J:$J, $B21), _xlpm.fin, INDEX(plan!$K:$K, $B21), _xlpm.existe, COUNTIFS( Tabla_Registro_Tareas_Agregada[Actividad], _xlpm.act, Tabla_Registro_Tareas_Agregada[Fecha], _xlpm.fecha ), IF(_xlpm.existe=0, 0, IF(AND(_xlpm.fecha>=_xlpm.ini, _xlpm.fecha<=_xlpm.fin), 1, -1)) )} -> 0 | I22: {=_xlfn.LET( _xlpm.act, cronograma!$C21, _xlpm.fecha, cronograma!I$4, _xlpm.ini, INDEX(plan!$J:$J, $B21), _xlpm.fin, INDEX(plan!$K:$K, $B21), _xlpm.existe, COUNTIFS( Tabla_Registro_Tareas_Agregada[Actividad], _xlpm.act, Tabla_Registro_Tareas_Agregada[Fecha], _xlpm.fecha ), IF(_xlpm.existe=0, 0, IF(AND(_xlpm.fecha>=_xlpm.ini, _xlpm.fecha<=_xlpm.fin), 1, -1)) )} -> 0 | J22: {=_xlfn.LET( _xlpm.act, cronograma!$C21, _xlpm.fecha, cronograma!J$4, _xlpm.ini, INDEX(plan!$J:$J, $B21), _xlpm.fin, INDEX(plan!$K:$K, $B21), _xlpm.existe, COUNTIFS( Tabla_Registro_Tareas_Agregada[Actividad], _xlpm.act, Tabla_Registro_Tareas_Agregada[Fecha], _xlpm.fecha ), IF(_xlpm.existe=0, 0, IF(AND(_xlpm.fecha>=_xlpm.ini, _xlpm.fecha<=_xlpm.fin), 1, -1)) )} -> 0 | K22: {=_xlfn.LET( _xlpm.act, cronograma!$C21, _xlpm.fecha, cronograma!K$4, _xlpm.ini, INDEX(plan!$J:$J, $B21), _xlpm.fin, INDEX(plan!$K:$K, $B21), _xlpm.existe, COUNTIFS( Tabla_Registro_Tareas_Agregada[Actividad], _xlpm.act, Tabla_Registro_Tareas_Agregada[Fecha], _xlpm.fecha ), IF(_xlpm.existe=0, 0, IF(AND(_xlpm.fecha>=_xlpm.ini, _xlpm.fecha<=_xlpm.fin), 1, -1)) )} -> 0 | L22: {=_xlfn.LET( _xlpm.act, cronograma!$C21, _xlpm.fecha, cronograma!L$4, _xlpm.ini, INDEX(plan!$J:$J, $B21), _xlpm.fin, INDEX(plan!$K:$K, $B21), _xlpm.existe, COUNTIFS( Tabla_Registro_Tareas_Agregada[Actividad], _xlpm.act, Tabla_Registro_Tareas_Agregada[Fecha], _xlpm.fecha ), IF(_xlpm.existe=0, 0, IF(AND(_xlpm.fecha>=_xlpm.ini, _xlpm.fecha<=_xlpm.fin), 1, -1)) )} -> 0 | M22: {=_xlfn.LET( _xlpm.act, cronograma!$C21, _xlpm.fecha, cronograma!M$4, _xlpm.ini, INDEX(plan!$J:$J, $B21), _xlpm.fin, INDEX(plan!$K:$K, $B21), _xlpm.existe, COUNTIFS( Tabla_Registro_Tareas_Agregada[Actividad], _xlpm.act, Tabla_Registro_Tareas_Agregada[Fecha], _xlpm.fecha ), IF(_xlpm.existe=0, 0, IF(AND(_xlpm.fecha>=_xlpm.ini, _xlpm.fecha<=_xlpm.fin), 1, -1)) )} -> 0 | ... AU22: {=_xlfn.LET( _xlpm.act, cronograma!$C21, _xlpm.fecha, cronograma!AU$4, _xlpm.ini, INDEX(plan!$J:$J, $B21), _xlpm.fin, INDEX(plan!$K:$K, $B21), _xlpm.existe, COUNTIFS( Tabla_Registro_Tareas_Agregada[Actividad], _xlpm.act, Tabla_Registro_Tareas_Agregada[Fecha], _xlpm.fecha ), IF(_xlpm.existe=0, 0, IF(AND(_xlpm.fecha>=_xlpm.ini, _xlpm.fecha<=_xlpm.fin), 1, -1)) )} -> 0
B23: =plan!B13 -> 13 | C23: =plan!C13 -> ETLs Sprint #2 | D23: {=INDEX(plan!$I:$I, $B23)} -> 20 | E23: {=INDEX(plan!$U:$U, $B23)} -> 0 | F23: {=IF(AND(F$4>=INDEX(plan!$J:$J, $B23), F$4<=INDEX(plan!$K:$K, $B23)),1,0)} -> 0 | G23: {=IF(AND(G$4>=INDEX(plan!$J:$J, $B23), G$4<=INDEX(plan!$K:$K, $B23)),1,0)} -> 0 | H23: {=IF(AND(H$4>=INDEX(plan!$J:$J, $B23), H$4<=INDEX(plan!$K:$K, $B23)),1,0)} -> 0 | I23: {=IF(AND(I$4>=INDEX(plan!$J:$J, $B23), I$4<=INDEX(plan!$K:$K, $B23)),1,0)} -> 0 | J23: {=IF(AND(J$4>=INDEX(plan!$J:$J, $B23), J$4<=INDEX(plan!$K:$K, $B23)),1,0)} -> 0 | K23: {=IF(AND(K$4>=INDEX(plan!$J:$J, $B23), K$4<=INDEX(plan!$K:$K, $B23)),1,0)} -> 0 | L23: {=IF(AND(L$4>=INDEX(plan!$J:$J, $B23), L$4<=INDEX(plan!$K:$K, $B23)),1,0)} -> 0 | M23: {=IF(AND(M$4>=INDEX(plan!$J:$J, $B23), M$4<=INDEX(plan!$K:$K, $B23)),1,0)} -> 0 | ... AU23: {=IF(AND(AU$4>=INDEX(plan!$J:$J, $B23), AU$4<=INDEX(plan!$K:$K, $B23)),1,0)} -> 0
F24: {=_xlfn.LET( _xlpm.act, cronograma!$C23, _xlpm.fecha, cronograma!F$4, _xlpm.ini, INDEX(plan!$J:$J, $B23), _xlpm.fin, INDEX(plan!$K:$K, $B23), _xlpm.existe, COUNTIFS( Tabla_Registro_Tareas_Agregada[Actividad], _xlpm.act, Tabla_Registro_Tareas_Agregada[Fecha], _xlpm.fecha ), IF(_xlpm.existe=0, 0, IF(AND(_xlpm.fecha>=_xlpm.ini, _xlpm.fecha<=_xlpm.fin), 1, -1)) )} -> 0 | G24: {=_xlfn.LET( _xlpm.act, cronograma!$C23, _xlpm.fecha, cronograma!G$4, _xlpm.ini, INDEX(plan!$J:$J, $B23), _xlpm.fin, INDEX(plan!$K:$K, $B23), _xlpm.existe, COUNTIFS( Tabla_Registro_Tareas_Agregada[Actividad], _xlpm.act, Tabla_Registro_Tareas_Agregada[Fecha], _xlpm.fecha ), IF(_xlpm.existe=0, 0, IF(AND(_xlpm.fecha>=_xlpm.ini, _xlpm.fecha<=_xlpm.fin), 1, -1)) )} -> 0 | H24: {=_xlfn.LET( _xlpm.act, cronograma!$C23, _xlpm.fecha, cronograma!H$4, _xlpm.ini, INDEX(plan!$J:$J, $B23), _xlpm.fin, INDEX(plan!$K:$K, $B23), _xlpm.existe, COUNTIFS( Tabla_Registro_Tareas_Agregada[Actividad], _xlpm.act, Tabla_Registro_Tareas_Agregada[Fecha], _xlpm.fecha ), IF(_xlpm.existe=0, 0, IF(AND(_xlpm.fecha>=_xlpm.ini, _xlpm.fecha<=_xlpm.fin), 1, -1)) )} -> 0 | I24: {=_xlfn.LET( _xlpm.act, cronograma!$C23, _xlpm.fecha, cronograma!I$4, _xlpm.ini, INDEX(plan!$J:$J, $B23), _xlpm.fin, INDEX(plan!$K:$K, $B23), _xlpm.existe, COUNTIFS( Tabla_Registro_Tareas_Agregada[Actividad], _xlpm.act, Tabla_Registro_Tareas_Agregada[Fecha], _xlpm.fecha ), IF(_xlpm.existe=0, 0, IF(AND(_xlpm.fecha>=_xlpm.ini, _xlpm.fecha<=_xlpm.fin), 1, -1)) )} -> 0 | J24: {=_xlfn.LET( _xlpm.act, cronograma!$C23, _xlpm.fecha, cronograma!J$4, _xlpm.ini, INDEX(plan!$J:$J, $B23), _xlpm.fin, INDEX(plan!$K:$K, $B23), _xlpm.existe, COUNTIFS( Tabla_Registro_Tareas_Agregada[Actividad], _xlpm.act, Tabla_Registro_Tareas_Agregada[Fecha], _xlpm.fecha ), IF(_xlpm.existe=0, 0, IF(AND(_xlpm.fecha>=_xlpm.ini, _xlpm.fecha<=_xlpm.fin), 1, -1)) )} -> 0 | K24: {=_xlfn.LET( _xlpm.act, cronograma!$C23, _xlpm.fecha, cronograma!K$4, _xlpm.ini, INDEX(plan!$J:$J, $B23), _xlpm.fin, INDEX(plan!$K:$K, $B23), _xlpm.existe, COUNTIFS( Tabla_Registro_Tareas_Agregada[Actividad], _xlpm.act, Tabla_Registro_Tareas_Agregada[Fecha], _xlpm.fecha ), IF(_xlpm.existe=0, 0, IF(AND(_xlpm.fecha>=_xlpm.ini, _xlpm.fecha<=_xlpm.fin), 1, -1)) )} -> 0 | L24: {=_xlfn.LET( _xlpm.act, cronograma!$C23, _xlpm.fecha, cronograma!L$4, _xlpm.ini, INDEX(plan!$J:$J, $B23), _xlpm.fin, INDEX(plan!$K:$K, $B23), _xlpm.existe, COUNTIFS( Tabla_Registro_Tareas_Agregada[Actividad], _xlpm.act, Tabla_Registro_Tareas_Agregada[Fecha], _xlpm.fecha ), IF(_xlpm.existe=0, 0, IF(AND(_xlpm.fecha>=_xlpm.ini, _xlpm.fecha<=_xlpm.fin), 1, -1)) )} -> 0 | M24: {=_xlfn.LET( _xlpm.act, cronograma!$C23, _xlpm.fecha, cronograma!M$4, _xlpm.ini, INDEX(plan!$J:$J, $B23), _xlpm.fin, INDEX(plan!$K:$K, $B23), _xlpm.existe, COUNTIFS( Tabla_Registro_Tareas_Agregada[Actividad], _xlpm.act, Tabla_Registro_Tareas_Agregada[Fecha], _xlpm.fecha ), IF(_xlpm.existe=0, 0, IF(AND(_xlpm.fecha>=_xlpm.ini, _xlpm.fecha<=_xlpm.fin), 1, -1)) )} -> 0 | ... AU24: {=_xlfn.LET( _xlpm.act, cronograma!$C23, _xlpm.fecha, cronograma!AU$4, _xlpm.ini, INDEX(plan!$J:$J, $B23), _xlpm.fin, INDEX(plan!$K:$K, $B23), _xlpm.existe, COUNTIFS( Tabla_Registro_Tareas_Agregada[Actividad], _xlpm.act, Tabla_Registro_Tareas_Agregada[Fecha], _xlpm.fecha ), IF(_xlpm.existe=0, 0, IF(AND(_xlpm.fecha>=_xlpm.ini, _xlpm.fecha<=_xlpm.fin), 1, -1)) )} -> 0
B25: =plan!B14 -> 14 | C25: =plan!C14 -> Generar datos sintéticos Sprint #2 | D25: {=INDEX(plan!$I:$I, $B25)} -> 20 | E25: {=INDEX(plan!$U:$U, $B25)} -> 0 | F25: {=IF(AND(F$4>=INDEX(plan!$J:$J, $B25), F$4<=INDEX(plan!$K:$K, $B25)),1,0)} -> 0 | G25: {=IF(AND(G$4>=INDEX(plan!$J:$J, $B25), G$4<=INDEX(plan!$K:$K, $B25)),1,0)} -> 0 | H25: {=IF(AND(H$4>=INDEX(plan!$J:$J, $B25), H$4<=INDEX(plan!$K:$K, $B25)),1,0)} -> 0 | I25: {=IF(AND(I$4>=INDEX(plan!$J:$J, $B25), I$4<=INDEX(plan!$K:$K, $B25)),1,0)} -> 0 | J25: {=IF(AND(J$4>=INDEX(plan!$J:$J, $B25), J$4<=INDEX(plan!$K:$K, $B25)),1,0)} -> 0 | K25: {=IF(AND(K$4>=INDEX(plan!$J:$J, $B25), K$4<=INDEX(plan!$K:$K, $B25)),1,0)} -> 0 | L25: {=IF(AND(L$4>=INDEX(plan!$J:$J, $B25), L$4<=INDEX(plan!$K:$K, $B25)),1,0)} -> 0 | M25: {=IF(AND(M$4>=INDEX(plan!$J:$J, $B25), M$4<=INDEX(plan!$K:$K, $B25)),1,0)} -> 0 | ... AU25: {=IF(AND(AU$4>=INDEX(plan!$J:$J, $B25), AU$4<=INDEX(plan!$K:$K, $B25)),1,0)} -> 0
F26: {=_xlfn.LET( _xlpm.act, cronograma!$C25, _xlpm.fecha, cronograma!F$4, _xlpm.ini, INDEX(plan!$J:$J, $B25), _xlpm.fin, INDEX(plan!$K:$K, $B25), _xlpm.existe, COUNTIFS( Tabla_Registro_Tareas_Agregada[Actividad], _xlpm.act, Tabla_Registro_Tareas_Agregada[Fecha], _xlpm.fecha ), IF(_xlpm.existe=0, 0, IF(AND(_xlpm.fecha>=_xlpm.ini, _xlpm.fecha<=_xlpm.fin), 1, -1)) )} -> 0 | G26: {=_xlfn.LET( _xlpm.act, cronograma!$C25, _xlpm.fecha, cronograma!G$4, _xlpm.ini, INDEX(plan!$J:$J, $B25), _xlpm.fin, INDEX(plan!$K:$K, $B25), _xlpm.existe, COUNTIFS( Tabla_Registro_Tareas_Agregada[Actividad], _xlpm.act, Tabla_Registro_Tareas_Agregada[Fecha], _xlpm.fecha ), IF(_xlpm.existe=0, 0, IF(AND(_xlpm.fecha>=_xlpm.ini, _xlpm.fecha<=_xlpm.fin), 1, -1)) )} -> 0 | H26: {=_xlfn.LET( _xlpm.act, cronograma!$C25, _xlpm.fecha, cronograma!H$4, _xlpm.ini, INDEX(plan!$J:$J, $B25), _xlpm.fin, INDEX(plan!$K:$K, $B25), _xlpm.existe, COUNTIFS( Tabla_Registro_Tareas_Agregada[Actividad], _xlpm.act, Tabla_Registro_Tareas_Agregada[Fecha], _xlpm.fecha ), IF(_xlpm.existe=0, 0, IF(AND(_xlpm.fecha>=_xlpm.ini, _xlpm.fecha<=_xlpm.fin), 1, -1)) )} -> 0 | I26: {=_xlfn.LET( _xlpm.act, cronograma!$C25, _xlpm.fecha, cronograma!I$4, _xlpm.ini, INDEX(plan!$J:$J, $B25), _xlpm.fin, INDEX(plan!$K:$K, $B25), _xlpm.existe, COUNTIFS( Tabla_Registro_Tareas_Agregada[Actividad], _xlpm.act, Tabla_Registro_Tareas_Agregada[Fecha], _xlpm.fecha ), IF(_xlpm.existe=0, 0, IF(AND(_xlpm.fecha>=_xlpm.ini, _xlpm.fecha<=_xlpm.fin), 1, -1)) )} -> 0 | J26: {=_xlfn.LET( _xlpm.act, cronograma!$C25, _xlpm.fecha, cronograma!J$4, _xlpm.ini, INDEX(plan!$J:$J, $B25), _xlpm.fin, INDEX(plan!$K:$K, $B25), _xlpm.existe, COUNTIFS( Tabla_Registro_Tareas_Agregada[Actividad], _xlpm.act, Tabla_Registro_Tareas_Agregada[Fecha], _xlpm.fecha ), IF(_xlpm.existe=0, 0, IF(AND(_xlpm.fecha>=_xlpm.ini, _xlpm.fecha<=_xlpm.fin), 1, -1)) )} -> 0 | K26: {=_xlfn.LET( _xlpm.act, cronograma!$C25, _xlpm.fecha, cronograma!K$4, _xlpm.ini, INDEX(plan!$J:$J, $B25), _xlpm.fin, INDEX(plan!$K:$K, $B25), _xlpm.existe, COUNTIFS( Tabla_Registro_Tareas_Agregada[Actividad], _xlpm.act, Tabla_Registro_Tareas_Agregada[Fecha], _xlpm.fecha ), IF(_xlpm.existe=0, 0, IF(AND(_xlpm.fecha>=_xlpm.ini, _xlpm.fecha<=_xlpm.fin), 1, -1)) )} -> 0 | L26: {=_xlfn.LET( _xlpm.act, cronograma!$C25, _xlpm.fecha, cronograma!L$4, _xlpm.ini, INDEX(plan!$J:$J, $B25), _xlpm.fin, INDEX(plan!$K:$K, $B25), _xlpm.existe, COUNTIFS( Tabla_Registro_Tareas_Agregada[Actividad], _xlpm.act, Tabla_Registro_Tareas_Agregada[Fecha], _xlpm.fecha ), IF(_xlpm.existe=0, 0, IF(AND(_xlpm.fecha>=_xlpm.ini, _xlpm.fecha<=_xlpm.fin), 1, -1)) )} -> 0 | M26: {=_xlfn.LET( _xlpm.act, cronograma!$C25, _xlpm.fecha, cronograma!M$4, _xlpm.ini, INDEX(plan!$J:$J, $B25), _xlpm.fin, INDEX(plan!$K:$K, $B25), _xlpm.existe, COUNTIFS( Tabla_Registro_Tareas_Agregada[Actividad], _xlpm.act, Tabla_Registro_Tareas_Agregada[Fecha], _xlpm.fecha ), IF(_xlpm.existe=0, 0, IF(AND(_xlpm.fecha>=_xlpm.ini, _xlpm.fecha<=_xlpm.fin), 1, -1)) )} -> 0 | ... AU26: {=_xlfn.LET( _xlpm.act, cronograma!$C25, _xlpm.fecha, cronograma!AU$4, _xlpm.ini, INDEX(plan!$J:$J, $B25), _xlpm.fin, INDEX(plan!$K:$K, $B25), _xlpm.existe, COUNTIFS( Tabla_Registro_Tareas_Agregada[Actividad], _xlpm.act, Tabla_Registro_Tareas_Agregada[Fecha], _xlpm.fecha ), IF(_xlpm.existe=0, 0, IF(AND(_xlpm.fecha>=_xlpm.ini, _xlpm.fecha<=_xlpm.fin), 1, -1)) )} -> 0
B27: =plan!B15 -> 15 | C27: =plan!C15 -> Reunión de sincronización #2 | D27: {=INDEX(plan!$I:$I, $B27)} -> 5 | E27: {=INDEX(plan!$U:$U, $B27)} -> 0 | F27: {=IF(AND(F$4>=INDEX(plan!$J:$J, $B27), F$4<=INDEX(plan!$K:$K, $B27)),1,0)} -> 0 | G27: {=IF(AND(G$4>=INDEX(plan!$J:$J, $B27), G$4<=INDEX(plan!$K:$K, $B27)),1,0)} -> 0 | H27: {=IF(AND(H$4>=INDEX(plan!$J:$J, $B27), H$4<=INDEX(plan!$K:$K, $B27)),1,0)} -> 0 | I27: {=IF(AND(I$4>=INDEX(plan!$J:$J, $B27), I$4<=INDEX(plan!$K:$K, $B27)),1,0)} -> 0 | J27: {=IF(AND(J$4>=INDEX(plan!$J:$J, $B27), J$4<=INDEX(plan!$K:$K, $B27)),1,0)} -> 0 | K27: {=IF(AND(K$4>=INDEX(plan!$J:$J, $B27), K$4<=INDEX(plan!$K:$K, $B27)),1,0)} -> 0 | L27: {=IF(AND(L$4>=INDEX(plan!$J:$J, $B27), L$4<=INDEX(plan!$K:$K, $B27)),1,0)} -> 0 | M27: {=IF(AND(M$4>=INDEX(plan!$J:$J, $B27), M$4<=INDEX(plan!$K:$K, $B27)),1,0)} -> 0 | ... AU27: {=IF(AND(AU$4>=INDEX(plan!$J:$J, $B27), AU$4<=INDEX(plan!$K:$K, $B27)),1,0)} -> 0
F28: {=_xlfn.LET( _xlpm.act, cronograma!$C27, _xlpm.fecha, cronograma!F$4, _xlpm.ini, INDEX(plan!$J:$J, $B27), _xlpm.fin, INDEX(plan!$K:$K, $B27), _xlpm.existe, COUNTIFS( Tabla_Registro_Tareas_Agregada[Actividad], _xlpm.act, Tabla_Registro_Tareas_Agregada[Fecha], _xlpm.fecha ), IF(_xlpm.existe=0, 0, IF(AND(_xlpm.fecha>=_xlpm.ini, _xlpm.fecha<=_xlpm.fin), 1, -1)) )} -> 0 | G28: {=_xlfn.LET( _xlpm.act, cronograma!$C27, _xlpm.fecha, cronograma!G$4, _xlpm.ini, INDEX(plan!$J:$J, $B27), _xlpm.fin, INDEX(plan!$K:$K, $B27), _xlpm.existe, COUNTIFS( Tabla_Registro_Tareas_Agregada[Actividad], _xlpm.act, Tabla_Registro_Tareas_Agregada[Fecha], _xlpm.fecha ), IF(_xlpm.existe=0, 0, IF(AND(_xlpm.fecha>=_xlpm.ini, _xlpm.fecha<=_xlpm.fin), 1, -1)) )} -> 0 | H28: {=_xlfn.LET( _xlpm.act, cronograma!$C27, _xlpm.fecha, cronograma!H$4, _xlpm.ini, INDEX(plan!$J:$J, $B27), _xlpm.fin, INDEX(plan!$K:$K, $B27), _xlpm.existe, COUNTIFS( Tabla_Registro_Tareas_Agregada[Actividad], _xlpm.act, Tabla_Registro_Tareas_Agregada[Fecha], _xlpm.fecha ), IF(_xlpm.existe=0, 0, IF(AND(_xlpm.fecha>=_xlpm.ini, _xlpm.fecha<=_xlpm.fin), 1, -1)) )} -> 0 | I28: {=_xlfn.LET( _xlpm.act, cronograma!$C27, _xlpm.fecha, cronograma!I$4, _xlpm.ini, INDEX(plan!$J:$J, $B27), _xlpm.fin, INDEX(plan!$K:$K, $B27), _xlpm.existe, COUNTIFS( Tabla_Registro_Tareas_Agregada[Actividad], _xlpm.act, Tabla_Registro_Tareas_Agregada[Fecha], _xlpm.fecha ), IF(_xlpm.existe=0, 0, IF(AND(_xlpm.fecha>=_xlpm.ini, _xlpm.fecha<=_xlpm.fin), 1, -1)) )} -> 0 | J28: {=_xlfn.LET( _xlpm.act, cronograma!$C27, _xlpm.fecha, cronograma!J$4, _xlpm.ini, INDEX(plan!$J:$J, $B27), _xlpm.fin, INDEX(plan!$K:$K, $B27), _xlpm.existe, COUNTIFS( Tabla_Registro_Tareas_Agregada[Actividad], _xlpm.act, Tabla_Registro_Tareas_Agregada[Fecha], _xlpm.fecha ), IF(_xlpm.existe=0, 0, IF(AND(_xlpm.fecha>=_xlpm.ini, _xlpm.fecha<=_xlpm.fin), 1, -1)) )} -> 0 | K28: {=_xlfn.LET( _xlpm.act, cronograma!$C27, _xlpm.fecha, cronograma!K$4, _xlpm.ini, INDEX(plan!$J:$J, $B27), _xlpm.fin, INDEX(plan!$K:$K, $B27), _xlpm.existe, COUNTIFS( Tabla_Registro_Tareas_Agregada[Actividad], _xlpm.act, Tabla_Registro_Tareas_Agregada[Fecha], _xlpm.fecha ), IF(_xlpm.existe=0, 0, IF(AND(_xlpm.fecha>=_xlpm.ini, _xlpm.fecha<=_xlpm.fin), 1, -1)) )} -> 0 | L28: {=_xlfn.LET( _xlpm.act, cronograma!$C27, _xlpm.fecha, cronograma!L$4, _xlpm.ini, INDEX(plan!$J:$J, $B27), _xlpm.fin, INDEX(plan!$K:$K, $B27), _xlpm.existe, COUNTIFS( Tabla_Registro_Tareas_Agregada[Actividad], _xlpm.act, Tabla_Registro_Tareas_Agregada[Fecha], _xlpm.fecha ), IF(_xlpm.existe=0, 0, IF(AND(_xlpm.fecha>=_xlpm.ini, _xlpm.fecha<=_xlpm.fin), 1, -1)) )} -> 0 | M28: {=_xlfn.LET( _xlpm.act, cronograma!$C27, _xlpm.fecha, cronograma!M$4, _xlpm.ini, INDEX(plan!$J:$J, $B27), _xlpm.fin, INDEX(plan!$K:$K, $B27), _xlpm.existe, COUNTIFS( Tabla_Registro_Tareas_Agregada[Actividad], _xlpm.act, Tabla_Registro_Tareas_Agregada[Fecha], _xlpm.fecha ), IF(_xlpm.existe=0, 0, IF(AND(_xlpm.fecha>=_xlpm.ini, _xlpm.fecha<=_xlpm.fin), 1, -1)) )} -> 0 | ... AU28: {=_xlfn.LET( _xlpm.act, cronograma!$C27, _xlpm.fecha, cronograma!AU$4, _xlpm.ini, INDEX(plan!$J:$J, $B27), _xlpm.fin, INDEX(plan!$K:$K, $B27), _xlpm.existe, COUNTIFS( Tabla_Registro_Tareas_Agregada[Actividad], _xlpm.act, Tabla_Registro_Tareas_Agregada[Fecha], _xlpm.fecha ), IF(_xlpm.existe=0, 0, IF(AND(_xlpm.fecha>=_xlpm.ini, _xlpm.fecha<=_xlpm.fin), 1, -1)) )} -> 0
B29: =plan!B16 -> 16 | C29: =plan!C16 -> Actualizar diccionario | D29: {=INDEX(plan!$I:$I, $B29)} -> 5 | E29: {=INDEX(plan!$U:$U, $B29)} -> 0 | F29: {=IF(AND(F$4>=INDEX(plan!$J:$J, $B29), F$4<=INDEX(plan!$K:$K, $B29)),1,0)} -> 0 | G29: {=IF(AND(G$4>=INDEX(plan!$J:$J, $B29), G$4<=INDEX(plan!$K:$K, $B29)),1,0)} -> 0 | H29: {=IF(AND(H$4>=INDEX(plan!$J:$J, $B29), H$4<=INDEX(plan!$K:$K, $B29)),1,0)} -> 0 | I29: {=IF(AND(I$4>=INDEX(plan!$J:$J, $B29), I$4<=INDEX(plan!$K:$K, $B29)),1,0)} -> 0 | J29: {=IF(AND(J$4>=INDEX(plan!$J:$J, $B29), J$4<=INDEX(plan!$K:$K, $B29)),1,0)} -> 0 | K29: {=IF(AND(K$4>=INDEX(plan!$J:$J, $B29), K$4<=INDEX(plan!$K:$K, $B29)),1,0)} -> 0 | L29: {=IF(AND(L$4>=INDEX(plan!$J:$J, $B29), L$4<=INDEX(plan!$K:$K, $B29)),1,0)} -> 0 | M29: {=IF(AND(M$4>=INDEX(plan!$J:$J, $B29), M$4<=INDEX(plan!$K:$K, $B29)),1,0)} -> 0 | ... AU29: {=IF(AND(AU$4>=INDEX(plan!$J:$J, $B29), AU$4<=INDEX(plan!$K:$K, $B29)),1,0)} -> 0
F30: {=_xlfn.LET( _xlpm.act, cronograma!$C29, _xlpm.fecha, cronograma!F$4, _xlpm.ini, INDEX(plan!$J:$J, $B29), _xlpm.fin, INDEX(plan!$K:$K, $B29), _xlpm.existe, COUNTIFS( Tabla_Registro_Tareas_Agregada[Actividad], _xlpm.act, Tabla_Registro_Tareas_Agregada[Fecha], _xlpm.fecha ), IF(_xlpm.existe=0, 0, IF(AND(_xlpm.fecha>=_xlpm.ini, _xlpm.fecha<=_xlpm.fin), 1, -1)) )} -> 0 | G30: {=_xlfn.LET( _xlpm.act, cronograma!$C29, _xlpm.fecha, cronograma!G$4, _xlpm.ini, INDEX(plan!$J:$J, $B29), _xlpm.fin, INDEX(plan!$K:$K, $B29), _xlpm.existe, COUNTIFS( Tabla_Registro_Tareas_Agregada[Actividad], _xlpm.act, Tabla_Registro_Tareas_Agregada[Fecha], _xlpm.fecha ), IF(_xlpm.existe=0, 0, IF(AND(_xlpm.fecha>=_xlpm.ini, _xlpm.fecha<=_xlpm.fin), 1, -1)) )} -> 0 | H30: {=_xlfn.LET( _xlpm.act, cronograma!$C29, _xlpm.fecha, cronograma!H$4, _xlpm.ini, INDEX(plan!$J:$J, $B29), _xlpm.fin, INDEX(plan!$K:$K, $B29), _xlpm.existe, COUNTIFS( Tabla_Registro_Tareas_Agregada[Actividad], _xlpm.act, Tabla_Registro_Tareas_Agregada[Fecha], _xlpm.fecha ), IF(_xlpm.existe=0, 0, IF(AND(_xlpm.fecha>=_xlpm.ini, _xlpm.fecha<=_xlpm.fin), 1, -1)) )} -> 0 | I30: {=_xlfn.LET( _xlpm.act, cronograma!$C29, _xlpm.fecha, cronograma!I$4, _xlpm.ini, INDEX(plan!$J:$J, $B29), _xlpm.fin, INDEX(plan!$K:$K, $B29), _xlpm.existe, COUNTIFS( Tabla_Registro_Tareas_Agregada[Actividad], _xlpm.act, Tabla_Registro_Tareas_Agregada[Fecha], _xlpm.fecha ), IF(_xlpm.existe=0, 0, IF(AND(_xlpm.fecha>=_xlpm.ini, _xlpm.fecha<=_xlpm.fin), 1, -1)) )} -> 0 | J30: {=_xlfn.LET( _xlpm.act, cronograma!$C29, _xlpm.fecha, cronograma!J$4, _xlpm.ini, INDEX(plan!$J:$J, $B29), _xlpm.fin, INDEX(plan!$K:$K, $B29), _xlpm.existe, COUNTIFS( Tabla_Registro_Tareas_Agregada[Actividad], _xlpm.act, Tabla_Registro_Tareas_Agregada[Fecha], _xlpm.fecha ), IF(_xlpm.existe=0, 0, IF(AND(_xlpm.fecha>=_xlpm.ini, _xlpm.fecha<=_xlpm.fin), 1, -1)) )} -> 0 | K30: {=_xlfn.LET( _xlpm.act, cronograma!$C29, _xlpm.fecha, cronograma!K$4, _xlpm.ini, INDEX(plan!$J:$J, $B29), _xlpm.fin, INDEX(plan!$K:$K, $B29), _xlpm.existe, COUNTIFS( Tabla_Registro_Tareas_Agregada[Actividad], _xlpm.act, Tabla_Registro_Tareas_Agregada[Fecha], _xlpm.fecha ), IF(_xlpm.existe=0, 0, IF(AND(_xlpm.fecha>=_xlpm.ini, _xlpm.fecha<=_xlpm.fin), 1, -1)) )} -> 0 | L30: {=_xlfn.LET( _xlpm.act, cronograma!$C29, _xlpm.fecha, cronograma!L$4, _xlpm.ini, INDEX(plan!$J:$J, $B29), _xlpm.fin, INDEX(plan!$K:$K, $B29), _xlpm.existe, COUNTIFS( Tabla_Registro_Tareas_Agregada[Actividad], _xlpm.act, Tabla_Registro_Tareas_Agregada[Fecha], _xlpm.fecha ), IF(_xlpm.existe=0, 0, IF(AND(_xlpm.fecha>=_xlpm.ini, _xlpm.fecha<=_xlpm.fin), 1, -1)) )} -> 0 | M30: {=_xlfn.LET( _xlpm.act, cronograma!$C29, _xlpm.fecha, cronograma!M$4, _xlpm.ini, INDEX(plan!$J:$J, $B29), _xlpm.fin, INDEX(plan!$K:$K, $B29), _xlpm.existe, COUNTIFS( Tabla_Registro_Tareas_Agregada[Actividad], _xlpm.act, Tabla_Registro_Tareas_Agregada[Fecha], _xlpm.fecha ), IF(_xlpm.existe=0, 0, IF(AND(_xlpm.fecha>=_xlpm.ini, _xlpm.fecha<=_xlpm.fin), 1, -1)) )} -> 0 | ... AU30: {=_xlfn.LET( _xlpm.act, cronograma!$C29, _xlpm.fecha, cronograma!AU$4, _xlpm.ini, INDEX(plan!$J:$J, $B29), _xlpm.fin, INDEX(plan!$K:$K, $B29), _xlpm.existe, COUNTIFS( Tabla_Registro_Tareas_Agregada[Actividad], _xlpm.act, Tabla_Registro_Tareas_Agregada[Fecha], _xlpm.fecha ), IF(_xlpm.existe=0, 0, IF(AND(_xlpm.fecha>=_xlpm.ini, _xlpm.fecha<=_xlpm.fin), 1, -1)) )} -> 0
B31: =plan!B17 -> 17 | C31: =plan!C17 -> Implementar funcionalidades | D31: {=INDEX(plan!$I:$I, $B31)} -> 40 | E31: {=INDEX(plan!$U:$U, $B31)} -> 0 | F31: {=IF(AND(F$4>=INDEX(plan!$J:$J, $B31), F$4<=INDEX(plan!$K:$K, $B31)),1,0)} -> 0 | G31: {=IF(AND(G$4>=INDEX(plan!$J:$J, $B31), G$4<=INDEX(plan!$K:$K, $B31)),1,0)} -> 0 | H31: {=IF(AND(H$4>=INDEX(plan!$J:$J, $B31), H$4<=INDEX(plan!$K:$K, $B31)),1,0)} -> 0 | I31: {=IF(AND(I$4>=INDEX(plan!$J:$J, $B31), I$4<=INDEX(plan!$K:$K, $B31)),1,0)} -> 0 | J31: {=IF(AND(J$4>=INDEX(plan!$J:$J, $B31), J$4<=INDEX(plan!$K:$K, $B31)),1,0)} -> 0 | K31: {=IF(AND(K$4>=INDEX(plan!$J:$J, $B31), K$4<=INDEX(plan!$K:$K, $B31)),1,0)} -> 0 | L31: {=IF(AND(L$4>=INDEX(plan!$J:$J, $B31), L$4<=INDEX(plan!$K:$K, $B31)),1,0)} -> 0 | M31: {=IF(AND(M$4>=INDEX(plan!$J:$J, $B31), M$4<=INDEX(plan!$K:$K, $B31)),1,0)} -> 0 | ... AU31: {=IF(AND(AU$4>=INDEX(plan!$J:$J, $B31), AU$4<=INDEX(plan!$K:$K, $B31)),1,0)} -> 0
F32: {=_xlfn.LET( _xlpm.act, cronograma!$C31, _xlpm.fecha, cronograma!F$4, _xlpm.ini, INDEX(plan!$J:$J, $B31), _xlpm.fin, INDEX(plan!$K:$K, $B31), _xlpm.existe, COUNTIFS( Tabla_Registro_Tareas_Agregada[Actividad], _xlpm.act, Tabla_Registro_Tareas_Agregada[Fecha], _xlpm.fecha ), IF(_xlpm.existe=0, 0, IF(AND(_xlpm.fecha>=_xlpm.ini, _xlpm.fecha<=_xlpm.fin), 1, -1)) )} -> 0 | G32: {=_xlfn.LET( _xlpm.act, cronograma!$C31, _xlpm.fecha, cronograma!G$4, _xlpm.ini, INDEX(plan!$J:$J, $B31), _xlpm.fin, INDEX(plan!$K:$K, $B31), _xlpm.existe, COUNTIFS( Tabla_Registro_Tareas_Agregada[Actividad], _xlpm.act, Tabla_Registro_Tareas_Agregada[Fecha], _xlpm.fecha ), IF(_xlpm.existe=0, 0, IF(AND(_xlpm.fecha>=_xlpm.ini, _xlpm.fecha<=_xlpm.fin), 1, -1)) )} -> 0 | H32: {=_xlfn.LET( _xlpm.act, cronograma!$C31, _xlpm.fecha, cronograma!H$4, _xlpm.ini, INDEX(plan!$J:$J, $B31), _xlpm.fin, INDEX(plan!$K:$K, $B31), _xlpm.existe, COUNTIFS( Tabla_Registro_Tareas_Agregada[Actividad], _xlpm.act, Tabla_Registro_Tareas_Agregada[Fecha], _xlpm.fecha ), IF(_xlpm.existe=0, 0, IF(AND(_xlpm.fecha>=_xlpm.ini, _xlpm.fecha<=_xlpm.fin), 1, -1)) )} -> 0 | I32: {=_xlfn.LET( _xlpm.act, cronograma!$C31, _xlpm.fecha, cronograma!I$4, _xlpm.ini, INDEX(plan!$J:$J, $B31), _xlpm.fin, INDEX(plan!$K:$K, $B31), _xlpm.existe, COUNTIFS( Tabla_Registro_Tareas_Agregada[Actividad], _xlpm.act, Tabla_Registro_Tareas_Agregada[Fecha], _xlpm.fecha ), IF(_xlpm.existe=0, 0, IF(AND(_xlpm.fecha>=_xlpm.ini, _xlpm.fecha<=_xlpm.fin), 1, -1)) )} -> 0 | J32: {=_xlfn.LET( _xlpm.act, cronograma!$C31, _xlpm.fecha, cronograma!J$4, _xlpm.ini, INDEX(plan!$J:$J, $B31), _xlpm.fin, INDEX(plan!$K:$K, $B31), _xlpm.existe, COUNTIFS( Tabla_Registro_Tareas_Agregada[Actividad], _xlpm.act, Tabla_Registro_Tareas_Agregada[Fecha], _xlpm.fecha ), IF(_xlpm.existe=0, 0, IF(AND(_xlpm.fecha>=_xlpm.ini, _xlpm.fecha<=_xlpm.fin), 1, -1)) )} -> 0 | K32: {=_xlfn.LET( _xlpm.act, cronograma!$C31, _xlpm.fecha, cronograma!K$4, _xlpm.ini, INDEX(plan!$J:$J, $B31), _xlpm.fin, INDEX(plan!$K:$K, $B31), _xlpm.existe, COUNTIFS( Tabla_Registro_Tareas_Agregada[Actividad], _xlpm.act, Tabla_Registro_Tareas_Agregada[Fecha], _xlpm.fecha ), IF(_xlpm.existe=0, 0, IF(AND(_xlpm.fecha>=_xlpm.ini, _xlpm.fecha<=_xlpm.fin), 1, -1)) )} -> 0 | L32: {=_xlfn.LET( _xlpm.act, cronograma!$C31, _xlpm.fecha, cronograma!L$4, _xlpm.ini, INDEX(plan!$J:$J, $B31), _xlpm.fin, INDEX(plan!$K:$K, $B31), _xlpm.existe, COUNTIFS( Tabla_Registro_Tareas_Agregada[Actividad], _xlpm.act, Tabla_Registro_Tareas_Agregada[Fecha], _xlpm.fecha ), IF(_xlpm.existe=0, 0, IF(AND(_xlpm.fecha>=_xlpm.ini, _xlpm.fecha<=_xlpm.fin), 1, -1)) )} -> 0 | M32: {=_xlfn.LET( _xlpm.act, cronograma!$C31, _xlpm.fecha, cronograma!M$4, _xlpm.ini, INDEX(plan!$J:$J, $B31), _xlpm.fin, INDEX(plan!$K:$K, $B31), _xlpm.existe, COUNTIFS( Tabla_Registro_Tareas_Agregada[Actividad], _xlpm.act, Tabla_Registro_Tareas_Agregada[Fecha], _xlpm.fecha ), IF(_xlpm.existe=0, 0, IF(AND(_xlpm.fecha>=_xlpm.ini, _xlpm.fecha<=_xlpm.fin), 1, -1)) )} -> 0 | ... AU32: {=_xlfn.LET( _xlpm.act, cronograma!$C31, _xlpm.fecha, cronograma!AU$4, _xlpm.ini, INDEX(plan!$J:$J, $B31), _xlpm.fin, INDEX(plan!$K:$K, $B31), _xlpm.existe, COUNTIFS( Tabla_Registro_Tareas_Agregada[Actividad], _xlpm.act, Tabla_Registro_Tareas_Agregada[Fecha], _xlpm.fecha ), IF(_xlpm.existe=0, 0, IF(AND(_xlpm.fecha>=_xlpm.ini, _xlpm.fecha<=_xlpm.fin), 1, -1)) )} -> 0
B33: =plan!B18 -> 18 | C33: =plan!C18 -> Evaluar indexación | D33: {=INDEX(plan!$I:$I, $B33)} -> 50 | E33: {=INDEX(plan!$U:$U, $B33)} -> 0 | F33: {=IF(AND(F$4>=INDEX(plan!$J:$J, $B33), F$4<=INDEX(plan!$K:$K, $B33)),1,0)} -> 0 | G33: {=IF(AND(G$4>=INDEX(plan!$J:$J, $B33), G$4<=INDEX(plan!$K:$K, $B33)),1,0)} -> 0 | H33: {=IF(AND(H$4>=INDEX(plan!$J:$J, $B33), H$4<=INDEX(plan!$K:$K, $B33)),1,0)} -> 0 | I33: {=IF(AND(I$4>=INDEX(plan!$J:$J, $B33), I$4<=INDEX(plan!$K:$K, $B33)),1,0)} -> 0 | J33: {=IF(AND(J$4>=INDEX(plan!$J:$J, $B33), J$4<=INDEX(plan!$K:$K, $B33)),1,0)} -> 0 | K33: {=IF(AND(K$4>=INDEX(plan!$J:$J, $B33), K$4<=INDEX(plan!$K:$K, $B33)),1,0)} -> 0 | L33: {=IF(AND(L$4>=INDEX(plan!$J:$J, $B33), L$4<=INDEX(plan!$K:$K, $B33)),1,0)} -> 0 | M33: {=IF(AND(M$4>=INDEX(plan!$J:$J, $B33), M$4<=INDEX(plan!$K:$K, $B33)),1,0)} -> 0 | ... AU33: {=IF(AND(AU$4>=INDEX(plan!$J:$J, $B33), AU$4<=INDEX(plan!$K:$K, $B33)),1,0)} -> 0
F34: {=_xlfn.LET( _xlpm.act, cronograma!$C33, _xlpm.fecha, cronograma!F$4, _xlpm.ini, INDEX(plan!$J:$J, $B33), _xlpm.fin, INDEX(plan!$K:$K, $B33), _xlpm.existe, COUNTIFS( Tabla_Registro_Tareas_Agregada[Actividad], _xlpm.act, Tabla_Registro_Tareas_Agregada[Fecha], _xlpm.fecha ), IF(_xlpm.existe=0, 0, IF(AND(_xlpm.fecha>=_xlpm.ini, _xlpm.fecha<=_xlpm.fin), 1, -1)) )} -> 0 | G34: {=_xlfn.LET( _xlpm.act, cronograma!$C33, _xlpm.fecha, cronograma!G$4, _xlpm.ini, INDEX(plan!$J:$J, $B33), _xlpm.fin, INDEX(plan!$K:$K, $B33), _xlpm.existe, COUNTIFS( Tabla_Registro_Tareas_Agregada[Actividad], _xlpm.act, Tabla_Registro_Tareas_Agregada[Fecha], _xlpm.fecha ), IF(_xlpm.existe=0, 0, IF(AND(_xlpm.fecha>=_xlpm.ini, _xlpm.fecha<=_xlpm.fin), 1, -1)) )} -> 0 | H34: {=_xlfn.LET( _xlpm.act, cronograma!$C33, _xlpm.fecha, cronograma!H$4, _xlpm.ini, INDEX(plan!$J:$J, $B33), _xlpm.fin, INDEX(plan!$K:$K, $B33), _xlpm.existe, COUNTIFS( Tabla_Registro_Tareas_Agregada[Actividad], _xlpm.act, Tabla_Registro_Tareas_Agregada[Fecha], _xlpm.fecha ), IF(_xlpm.existe=0, 0, IF(AND(_xlpm.fecha>=_xlpm.ini, _xlpm.fecha<=_xlpm.fin), 1, -1)) )} -> 0 | I34: {=_xlfn.LET( _xlpm.act, cronograma!$C33, _xlpm.fecha, cronograma!I$4, _xlpm.ini, INDEX(plan!$J:$J, $B33), _xlpm.fin, INDEX(plan!$K:$K, $B33), _xlpm.existe, COUNTIFS( Tabla_Registro_Tareas_Agregada[Actividad], _xlpm.act, Tabla_Registro_Tareas_Agregada[Fecha], _xlpm.fecha ), IF(_xlpm.existe=0, 0, IF(AND(_xlpm.fecha>=_xlpm.ini, _xlpm.fecha<=_xlpm.fin), 1, -1)) )} -> 0 | J34: {=_xlfn.LET( _xlpm.act, cronograma!$C33, _xlpm.fecha, cronograma!J$4, _xlpm.ini, INDEX(plan!$J:$J, $B33), _xlpm.fin, INDEX(plan!$K:$K, $B33), _xlpm.existe, COUNTIFS( Tabla_Registro_Tareas_Agregada[Actividad], _xlpm.act, Tabla_Registro_Tareas_Agregada[Fecha], _xlpm.fecha ), IF(_xlpm.existe=0, 0, IF(AND(_xlpm.fecha>=_xlpm.ini, _xlpm.fecha<=_xlpm.fin), 1, -1)) )} -> 0 | K34: {=_xlfn.LET( _xlpm.act, cronograma!$C33, _xlpm.fecha, cronograma!K$4, _xlpm.ini, INDEX(plan!$J:$J, $B33), _xlpm.fin, INDEX(plan!$K:$K, $B33), _xlpm.existe, COUNTIFS( Tabla_Registro_Tareas_Agregada[Actividad], _xlpm.act, Tabla_Registro_Tareas_Agregada[Fecha], _xlpm.fecha ), IF(_xlpm.existe=0, 0, IF(AND(_xlpm.fecha>=_xlpm.ini, _xlpm.fecha<=_xlpm.fin), 1, -1)) )} -> 0 | L34: {=_xlfn.LET( _xlpm.act, cronograma!$C33, _xlpm.fecha, cronograma!L$4, _xlpm.ini, INDEX(plan!$J:$J, $B33), _xlpm.fin, INDEX(plan!$K:$K, $B33), _xlpm.existe, COUNTIFS( Tabla_Registro_Tareas_Agregada[Actividad], _xlpm.act, Tabla_Registro_Tareas_Agregada[Fecha], _xlpm.fecha ), IF(_xlpm.existe=0, 0, IF(AND(_xlpm.fecha>=_xlpm.ini, _xlpm.fecha<=_xlpm.fin), 1, -1)) )} -> 0 | M34: {=_xlfn.LET( _xlpm.act, cronograma!$C33, _xlpm.fecha, cronograma!M$4, _xlpm.ini, INDEX(plan!$J:$J, $B33), _xlpm.fin, INDEX(plan!$K:$K, $B33), _xlpm.existe, COUNTIFS( Tabla_Registro_Tareas_Agregada[Actividad], _xlpm.act, Tabla_Registro_Tareas_Agregada[Fecha], _xlpm.fecha ), IF(_xlpm.existe=0, 0, IF(AND(_xlpm.fecha>=_xlpm.ini, _xlpm.fecha<=_xlpm.fin), 1, -1)) )} -> 0 | ... AU34: {=_xlfn.LET( _xlpm.act, cronograma!$C33, _xlpm.fecha, cronograma!AU$4, _xlpm.ini, INDEX(plan!$J:$J, $B33), _xlpm.fin, INDEX(plan!$K:$K, $B33), _xlpm.existe, COUNTIFS( Tabla_Registro_Tareas_Agregada[Actividad], _xlpm.act, Tabla_Registro_Tareas_Agregada[Fecha], _xlpm.fecha ), IF(_xlpm.existe=0, 0, IF(AND(_xlpm.fecha>=_xlpm.ini, _xlpm.fecha<=_xlpm.fin), 1, -1)) )} -> 0
B35: =plan!B19 -> 19 | C35: =plan!C19 -> Reunión de sincronización #3 | D35: {=INDEX(plan!$I:$I, $B35)} -> 5 | E35: {=INDEX(plan!$U:$U, $B35)} -> 0 | F35: {=IF(AND(F$4>=INDEX(plan!$J:$J, $B35), F$4<=INDEX(plan!$K:$K, $B35)),1,0)} -> 0 | G35: {=IF(AND(G$4>=INDEX(plan!$J:$J, $B35), G$4<=INDEX(plan!$K:$K, $B35)),1,0)} -> 0 | H35: {=IF(AND(H$4>=INDEX(plan!$J:$J, $B35), H$4<=INDEX(plan!$K:$K, $B35)),1,0)} -> 0 | I35: {=IF(AND(I$4>=INDEX(plan!$J:$J, $B35), I$4<=INDEX(plan!$K:$K, $B35)),1,0)} -> 0 | J35: {=IF(AND(J$4>=INDEX(plan!$J:$J, $B35), J$4<=INDEX(plan!$K:$K, $B35)),1,0)} -> 0 | K35: {=IF(AND(K$4>=INDEX(plan!$J:$J, $B35), K$4<=INDEX(plan!$K:$K, $B35)),1,0)} -> 0 | L35: {=IF(AND(L$4>=INDEX(plan!$J:$J, $B35), L$4<=INDEX(plan!$K:$K, $B35)),1,0)} -> 0 | M35: {=IF(AND(M$4>=INDEX(plan!$J:$J, $B35), M$4<=INDEX(plan!$K:$K, $B35)),1,0)} -> 0 | ... AU35: {=IF(AND(AU$4>=INDEX(plan!$J:$J, $B35), AU$4<=INDEX(plan!$K:$K, $B35)),1,0)} -> 0
F36: {=_xlfn.LET( _xlpm.act, cronograma!$C35, _xlpm.fecha, cronograma!F$4, _xlpm.ini, INDEX(plan!$J:$J, $B35), _xlpm.fin, INDEX(plan!$K:$K, $B35), _xlpm.existe, COUNTIFS( Tabla_Registro_Tareas_Agregada[Actividad], _xlpm.act, Tabla_Registro_Tareas_Agregada[Fecha], _xlpm.fecha ), IF(_xlpm.existe=0, 0, IF(AND(_xlpm.fecha>=_xlpm.ini, _xlpm.fecha<=_xlpm.fin), 1, -1)) )} -> 0 | G36: {=_xlfn.LET( _xlpm.act, cronograma!$C35, _xlpm.fecha, cronograma!G$4, _xlpm.ini, INDEX(plan!$J:$J, $B35), _xlpm.fin, INDEX(plan!$K:$K, $B35), _xlpm.existe, COUNTIFS( Tabla_Registro_Tareas_Agregada[Actividad], _xlpm.act, Tabla_Registro_Tareas_Agregada[Fecha], _xlpm.fecha ), IF(_xlpm.existe=0, 0, IF(AND(_xlpm.fecha>=_xlpm.ini, _xlpm.fecha<=_xlpm.fin), 1, -1)) )} -> 0 | H36: {=_xlfn.LET( _xlpm.act, cronograma!$C35, _xlpm.fecha, cronograma!H$4, _xlpm.ini, INDEX(plan!$J:$J, $B35), _xlpm.fin, INDEX(plan!$K:$K, $B35), _xlpm.existe, COUNTIFS( Tabla_Registro_Tareas_Agregada[Actividad], _xlpm.act, Tabla_Registro_Tareas_Agregada[Fecha], _xlpm.fecha ), IF(_xlpm.existe=0, 0, IF(AND(_xlpm.fecha>=_xlpm.ini, _xlpm.fecha<=_xlpm.fin), 1, -1)) )} -> 0 | I36: {=_xlfn.LET( _xlpm.act, cronograma!$C35, _xlpm.fecha, cronograma!I$4, _xlpm.ini, INDEX(plan!$J:$J, $B35), _xlpm.fin, INDEX(plan!$K:$K, $B35), _xlpm.existe, COUNTIFS( Tabla_Registro_Tareas_Agregada[Actividad], _xlpm.act, Tabla_Registro_Tareas_Agregada[Fecha], _xlpm.fecha ), IF(_xlpm.existe=0, 0, IF(AND(_xlpm.fecha>=_xlpm.ini, _xlpm.fecha<=_xlpm.fin), 1, -1)) )} -> 0 | J36: {=_xlfn.LET( _xlpm.act, cronograma!$C35, _xlpm.fecha, cronograma!J$4, _xlpm.ini, INDEX(plan!$J:$J, $B35), _xlpm.fin, INDEX(plan!$K:$K, $B35), _xlpm.existe, COUNTIFS( Tabla_Registro_Tareas_Agregada[Actividad], _xlpm.act, Tabla_Registro_Tareas_Agregada[Fecha], _xlpm.fecha ), IF(_xlpm.existe=0, 0, IF(AND(_xlpm.fecha>=_xlpm.ini, _xlpm.fecha<=_xlpm.fin), 1, -1)) )} -> 0 | K36: {=_xlfn.LET( _xlpm.act, cronograma!$C35, _xlpm.fecha, cronograma!K$4, _xlpm.ini, INDEX(plan!$J:$J, $B35), _xlpm.fin, INDEX(plan!$K:$K, $B35), _xlpm.existe, COUNTIFS( Tabla_Registro_Tareas_Agregada[Actividad], _xlpm.act, Tabla_Registro_Tareas_Agregada[Fecha], _xlpm.fecha ), IF(_xlpm.existe=0, 0, IF(AND(_xlpm.fecha>=_xlpm.ini, _xlpm.fecha<=_xlpm.fin), 1, -1)) )} -> 0 | L36: {=_xlfn.LET( _xlpm.act, cronograma!$C35, _xlpm.fecha, cronograma!L$4, _xlpm.ini, INDEX(plan!$J:$J, $B35), _xlpm.fin, INDEX(plan!$K:$K, $B35), _xlpm.existe, COUNTIFS( Tabla_Registro_Tareas_Agregada[Actividad], _xlpm.act, Tabla_Registro_Tareas_Agregada[Fecha], _xlpm.fecha ), IF(_xlpm.existe=0, 0, IF(AND(_xlpm.fecha>=_xlpm.ini, _xlpm.fecha<=_xlpm.fin), 1, -1)) )} -> 0 | M36: {=_xlfn.LET( _xlpm.act, cronograma!$C35, _xlpm.fecha, cronograma!M$4, _xlpm.ini, INDEX(plan!$J:$J, $B35), _xlpm.fin, INDEX(plan!$K:$K, $B35), _xlpm.existe, COUNTIFS( Tabla_Registro_Tareas_Agregada[Actividad], _xlpm.act, Tabla_Registro_Tareas_Agregada[Fecha], _xlpm.fecha ), IF(_xlpm.existe=0, 0, IF(AND(_xlpm.fecha>=_xlpm.ini, _xlpm.fecha<=_xlpm.fin), 1, -1)) )} -> 0 | ... AU36: {=_xlfn.LET( _xlpm.act, cronograma!$C35, _xlpm.fecha, cronograma!AU$4, _xlpm.ini, INDEX(plan!$J:$J, $B35), _xlpm.fin, INDEX(plan!$K:$K, $B35), _xlpm.existe, COUNTIFS( Tabla_Registro_Tareas_Agregada[Actividad], _xlpm.act, Tabla_Registro_Tareas_Agregada[Fecha], _xlpm.fecha ), IF(_xlpm.existe=0, 0, IF(AND(_xlpm.fecha>=_xlpm.ini, _xlpm.fecha<=_xlpm.fin), 1, -1)) )} -> 0
B37: =plan!B20 -> 20 | C37: =plan!C20 -> Retrospectiva | D37: {=INDEX(plan!$I:$I, $B37)} -> 10 | E37: {=INDEX(plan!$U:$U, $B37)} -> 0 | F37: {=IF(AND(F$4>=INDEX(plan!$J:$J, $B37), F$4<=INDEX(plan!$K:$K, $B37)),1,0)} -> 0 | G37: {=IF(AND(G$4>=INDEX(plan!$J:$J, $B37), G$4<=INDEX(plan!$K:$K, $B37)),1,0)} -> 0 | H37: {=IF(AND(H$4>=INDEX(plan!$J:$J, $B37), H$4<=INDEX(plan!$K:$K, $B37)),1,0)} -> 0 | I37: {=IF(AND(I$4>=INDEX(plan!$J:$J, $B37), I$4<=INDEX(plan!$K:$K, $B37)),1,0)} -> 0 | J37: {=IF(AND(J$4>=INDEX(plan!$J:$J, $B37), J$4<=INDEX(plan!$K:$K, $B37)),1,0)} -> 0 | K37: {=IF(AND(K$4>=INDEX(plan!$J:$J, $B37), K$4<=INDEX(plan!$K:$K, $B37)),1,0)} -> 0 | L37: {=IF(AND(L$4>=INDEX(plan!$J:$J, $B37), L$4<=INDEX(plan!$K:$K, $B37)),1,0)} -> 0 | M37: {=IF(AND(M$4>=INDEX(plan!$J:$J, $B37), M$4<=INDEX(plan!$K:$K, $B37)),1,0)} -> 0 | ... AU37: {=IF(AND(AU$4>=INDEX(plan!$J:$J, $B37), AU$4<=INDEX(plan!$K:$K, $B37)),1,0)} -> 0
F38: {=_xlfn.LET( _xlpm.act, cronograma!$C37, _xlpm.fecha, cronograma!F$4, _xlpm.ini, INDEX(plan!$J:$J, $B37), _xlpm.fin, INDEX(plan!$K:$K, $B37), _xlpm.existe, COUNTIFS( Tabla_Registro_Tareas_Agregada[Actividad], _xlpm.act, Tabla_Registro_Tareas_Agregada[Fecha], _xlpm.fecha ), IF(_xlpm.existe=0, 0, IF(AND(_xlpm.fecha>=_xlpm.ini, _xlpm.fecha<=_xlpm.fin), 1, -1)) )} -> 0 | G38: {=_xlfn.LET( _xlpm.act, cronograma!$C37, _xlpm.fecha, cronograma!G$4, _xlpm.ini, INDEX(plan!$J:$J, $B37), _xlpm.fin, INDEX(plan!$K:$K, $B37), _xlpm.existe, COUNTIFS( Tabla_Registro_Tareas_Agregada[Actividad], _xlpm.act, Tabla_Registro_Tareas_Agregada[Fecha], _xlpm.fecha ), IF(_xlpm.existe=0, 0, IF(AND(_xlpm.fecha>=_xlpm.ini, _xlpm.fecha<=_xlpm.fin), 1, -1)) )} -> 0 | H38: {=_xlfn.LET( _xlpm.act, cronograma!$C37, _xlpm.fecha, cronograma!H$4, _xlpm.ini, INDEX(plan!$J:$J, $B37), _xlpm.fin, INDEX(plan!$K:$K, $B37), _xlpm.existe, COUNTIFS( Tabla_Registro_Tareas_Agregada[Actividad], _xlpm.act, Tabla_Registro_Tareas_Agregada[Fecha], _xlpm.fecha ), IF(_xlpm.existe=0, 0, IF(AND(_xlpm.fecha>=_xlpm.ini, _xlpm.fecha<=_xlpm.fin), 1, -1)) )} -> 0 | I38: {=_xlfn.LET( _xlpm.act, cronograma!$C37, _xlpm.fecha, cronograma!I$4, _xlpm.ini, INDEX(plan!$J:$J, $B37), _xlpm.fin, INDEX(plan!$K:$K, $B37), _xlpm.existe, COUNTIFS( Tabla_Registro_Tareas_Agregada[Actividad], _xlpm.act, Tabla_Registro_Tareas_Agregada[Fecha], _xlpm.fecha ), IF(_xlpm.existe=0, 0, IF(AND(_xlpm.fecha>=_xlpm.ini, _xlpm.fecha<=_xlpm.fin), 1, -1)) )} -> 0 | J38: {=_xlfn.LET( _xlpm.act, cronograma!$C37, _xlpm.fecha, cronograma!J$4, _xlpm.ini, INDEX(plan!$J:$J, $B37), _xlpm.fin, INDEX(plan!$K:$K, $B37), _xlpm.existe, COUNTIFS( Tabla_Registro_Tareas_Agregada[Actividad], _xlpm.act, Tabla_Registro_Tareas_Agregada[Fecha], _xlpm.fecha ), IF(_xlpm.existe=0, 0, IF(AND(_xlpm.fecha>=_xlpm.ini, _xlpm.fecha<=_xlpm.fin), 1, -1)) )} -> 0 | K38: {=_xlfn.LET( _xlpm.act, cronograma!$C37, _xlpm.fecha, cronograma!K$4, _xlpm.ini, INDEX(plan!$J:$J, $B37), _xlpm.fin, INDEX(plan!$K:$K, $B37), _xlpm.existe, COUNTIFS( Tabla_Registro_Tareas_Agregada[Actividad], _xlpm.act, Tabla_Registro_Tareas_Agregada[Fecha], _xlpm.fecha ), IF(_xlpm.existe=0, 0, IF(AND(_xlpm.fecha>=_xlpm.ini, _xlpm.fecha<=_xlpm.fin), 1, -1)) )} -> 0 | L38: {=_xlfn.LET( _xlpm.act, cronograma!$C37, _xlpm.fecha, cronograma!L$4, _xlpm.ini, INDEX(plan!$J:$J, $B37), _xlpm.fin, INDEX(plan!$K:$K, $B37), _xlpm.existe, COUNTIFS( Tabla_Registro_Tareas_Agregada[Actividad], _xlpm.act, Tabla_Registro_Tareas_Agregada[Fecha], _xlpm.fecha ), IF(_xlpm.existe=0, 0, IF(AND(_xlpm.fecha>=_xlpm.ini, _xlpm.fecha<=_xlpm.fin), 1, -1)) )} -> 0 | M38: {=_xlfn.LET( _xlpm.act, cronograma!$C37, _xlpm.fecha, cronograma!M$4, _xlpm.ini, INDEX(plan!$J:$J, $B37), _xlpm.fin, INDEX(plan!$K:$K, $B37), _xlpm.existe, COUNTIFS( Tabla_Registro_Tareas_Agregada[Actividad], _xlpm.act, Tabla_Registro_Tareas_Agregada[Fecha], _xlpm.fecha ), IF(_xlpm.existe=0, 0, IF(AND(_xlpm.fecha>=_xlpm.ini, _xlpm.fecha<=_xlpm.fin), 1, -1)) )} -> 0 | ... AU38: {=_xlfn.LET( _xlpm.act, cronograma!$C37, _xlpm.fecha, cronograma!AU$4, _xlpm.ini, INDEX(plan!$J:$J, $B37), _xlpm.fin, INDEX(plan!$K:$K, $B37), _xlpm.existe, COUNTIFS( Tabla_Registro_Tareas_Agregada[Actividad], _xlpm.act, Tabla_Registro_Tareas_Agregada[Fecha], _xlpm.fecha ), IF(_xlpm.existe=0, 0, IF(AND(_xlpm.fecha>=_xlpm.ini, _xlpm.fecha<=_xlpm.fin), 1, -1)) )} -> 0
B39: =plan!B21 -> 21 | C39: =plan!C21 -> Evaluación de la actividad del equipo | D39: {=INDEX(plan!$I:$I, $B39)} -> 5 | E39: {=INDEX(plan!$U:$U, $B39)} -> 0 | F39: {=IF(AND(F$4>=INDEX(plan!$J:$J, $B39), F$4<=INDEX(plan!$K:$K, $B39)),1,0)} -> 0 | G39: {=IF(AND(G$4>=INDEX(plan!$J:$J, $B39), G$4<=INDEX(plan!$K:$K, $B39)),1,0)} -> 0 | H39: {=IF(AND(H$4>=INDEX(plan!$J:$J, $B39), H$4<=INDEX(plan!$K:$K, $B39)),1,0)} -> 0 | I39: {=IF(AND(I$4>=INDEX(plan!$J:$J, $B39), I$4<=INDEX(plan!$K:$K, $B39)),1,0)} -> 0 | J39: {=IF(AND(J$4>=INDEX(plan!$J:$J, $B39), J$4<=INDEX(plan!$K:$K, $B39)),1,0)} -> 0 | K39: {=IF(AND(K$4>=INDEX(plan!$J:$J, $B39), K$4<=INDEX(plan!$K:$K, $B39)),1,0)} -> 0 | L39: {=IF(AND(L$4>=INDEX(plan!$J:$J, $B39), L$4<=INDEX(plan!$K:$K, $B39)),1,0)} -> 0 | M39: {=IF(AND(M$4>=INDEX(plan!$J:$J, $B39), M$4<=INDEX(plan!$K:$K, $B39)),1,0)} -> 0 | ... AU39: {=IF(AND(AU$4>=INDEX(plan!$J:$J, $B39), AU$4<=INDEX(plan!$K:$K, $B39)),1,0)} -> 0
F40: {=_xlfn.LET( _xlpm.act, cronograma!$C39, _xlpm.fecha, cronograma!F$4, _xlpm.ini, INDEX(plan!$J:$J, $B39), _xlpm.fin, INDEX(plan!$K:$K, $B39), _xlpm.existe, COUNTIFS( Tabla_Registro_Tareas_Agregada[Actividad], _xlpm.act, Tabla_Registro_Tareas_Agregada[Fecha], _xlpm.fecha ), IF(_xlpm.existe=0, 0, IF(AND(_xlpm.fecha>=_xlpm.ini, _xlpm.fecha<=_xlpm.fin), 1, -1)) )} -> 0 | G40: {=_xlfn.LET( _xlpm.act, cronograma!$C39, _xlpm.fecha, cronograma!G$4, _xlpm.ini, INDEX(plan!$J:$J, $B39), _xlpm.fin, INDEX(plan!$K:$K, $B39), _xlpm.existe, COUNTIFS( Tabla_Registro_Tareas_Agregada[Actividad], _xlpm.act, Tabla_Registro_Tareas_Agregada[Fecha], _xlpm.fecha ), IF(_xlpm.existe=0, 0, IF(AND(_xlpm.fecha>=_xlpm.ini, _xlpm.fecha<=_xlpm.fin), 1, -1)) )} -> 0 | H40: {=_xlfn.LET( _xlpm.act, cronograma!$C39, _xlpm.fecha, cronograma!H$4, _xlpm.ini, INDEX(plan!$J:$J, $B39), _xlpm.fin, INDEX(plan!$K:$K, $B39), _xlpm.existe, COUNTIFS( Tabla_Registro_Tareas_Agregada[Actividad], _xlpm.act, Tabla_Registro_Tareas_Agregada[Fecha], _xlpm.fecha ), IF(_xlpm.existe=0, 0, IF(AND(_xlpm.fecha>=_xlpm.ini, _xlpm.fecha<=_xlpm.fin), 1, -1)) )} -> 0 | I40: {=_xlfn.LET( _xlpm.act, cronograma!$C39, _xlpm.fecha, cronograma!I$4, _xlpm.ini, INDEX(plan!$J:$J, $B39), _xlpm.fin, INDEX(plan!$K:$K, $B39), _xlpm.existe, COUNTIFS( Tabla_Registro_Tareas_Agregada[Actividad], _xlpm.act, Tabla_Registro_Tareas_Agregada[Fecha], _xlpm.fecha ), IF(_xlpm.existe=0, 0, IF(AND(_xlpm.fecha>=_xlpm.ini, _xlpm.fecha<=_xlpm.fin), 1, -1)) )} -> 0 | J40: {=_xlfn.LET( _xlpm.act, cronograma!$C39, _xlpm.fecha, cronograma!J$4, _xlpm.ini, INDEX(plan!$J:$J, $B39), _xlpm.fin, INDEX(plan!$K:$K, $B39), _xlpm.existe, COUNTIFS( Tabla_Registro_Tareas_Agregada[Actividad], _xlpm.act, Tabla_Registro_Tareas_Agregada[Fecha], _xlpm.fecha ), IF(_xlpm.existe=0, 0, IF(AND(_xlpm.fecha>=_xlpm.ini, _xlpm.fecha<=_xlpm.fin), 1, -1)) )} -> 0 | K40: {=_xlfn.LET( _xlpm.act, cronograma!$C39, _xlpm.fecha, cronograma!K$4, _xlpm.ini, INDEX(plan!$J:$J, $B39), _xlpm.fin, INDEX(plan!$K:$K, $B39), _xlpm.existe, COUNTIFS( Tabla_Registro_Tareas_Agregada[Actividad], _xlpm.act, Tabla_Registro_Tareas_Agregada[Fecha], _xlpm.fecha ), IF(_xlpm.existe=0, 0, IF(AND(_xlpm.fecha>=_xlpm.ini, _xlpm.fecha<=_xlpm.fin), 1, -1)) )} -> 0 | L40: {=_xlfn.LET( _xlpm.act, cronograma!$C39, _xlpm.fecha, cronograma!L$4, _xlpm.ini, INDEX(plan!$J:$J, $B39), _xlpm.fin, INDEX(plan!$K:$K, $B39), _xlpm.existe, COUNTIFS( Tabla_Registro_Tareas_Agregada[Actividad], _xlpm.act, Tabla_Registro_Tareas_Agregada[Fecha], _xlpm.fecha ), IF(_xlpm.existe=0, 0, IF(AND(_xlpm.fecha>=_xlpm.ini, _xlpm.fecha<=_xlpm.fin), 1, -1)) )} -> 0 | M40: {=_xlfn.LET( _xlpm.act, cronograma!$C39, _xlpm.fecha, cronograma!M$4, _xlpm.ini, INDEX(plan!$J:$J, $B39), _xlpm.fin, INDEX(plan!$K:$K, $B39), _xlpm.existe, COUNTIFS( Tabla_Registro_Tareas_Agregada[Actividad], _xlpm.act, Tabla_Registro_Tareas_Agregada[Fecha], _xlpm.fecha ), IF(_xlpm.existe=0, 0, IF(AND(_xlpm.fecha>=_xlpm.ini, _xlpm.fecha<=_xlpm.fin), 1, -1)) )} -> 0 | ... AU40: {=_xlfn.LET( _xlpm.act, cronograma!$C39, _xlpm.fecha, cronograma!AU$4, _xlpm.ini, INDEX(plan!$J:$J, $B39), _xlpm.fin, INDEX(plan!$K:$K, $B39), _xlpm.existe, COUNTIFS( Tabla_Registro_Tareas_Agregada[Actividad], _xlpm.act, Tabla_Registro_Tareas_Agregada[Fecha], _xlpm.fecha ), IF(_xlpm.existe=0, 0, IF(AND(_xlpm.fecha>=_xlpm.ini, _xlpm.fecha<=_xlpm.fin), 1, -1)) )} -> 0
B41: =plan!B22 -> 22 | C41: =plan!C22 -> Entrega del incremento | D41: {=INDEX(plan!$I:$I, $B41)} -> 5 | E41: {=INDEX(plan!$U:$U, $B41)} -> 0 | F41: {=IF(AND(F$4>=INDEX(plan!$J:$J, $B41), F$4<=INDEX(plan!$K:$K, $B41)),1,0)} -> 0 | G41: {=IF(AND(G$4>=INDEX(plan!$J:$J, $B41), G$4<=INDEX(plan!$K:$K, $B41)),1,0)} -> 0 | H41: {=IF(AND(H$4>=INDEX(plan!$J:$J, $B41), H$4<=INDEX(plan!$K:$K, $B41)),1,0)} -> 0 | I41: {=IF(AND(I$4>=INDEX(plan!$J:$J, $B41), I$4<=INDEX(plan!$K:$K, $B41)),1,0)} -> 0 | J41: {=IF(AND(J$4>=INDEX(plan!$J:$J, $B41), J$4<=INDEX(plan!$K:$K, $B41)),1,0)} -> 0 | K41: {=IF(AND(K$4>=INDEX(plan!$J:$J, $B41), K$4<=INDEX(plan!$K:$K, $B41)),1,0)} -> 0 | L41: {=IF(AND(L$4>=INDEX(plan!$J:$J, $B41), L$4<=INDEX(plan!$K:$K, $B41)),1,0)} -> 0 | M41: {=IF(AND(M$4>=INDEX(plan!$J:$J, $B41), M$4<=INDEX(plan!$K:$K, $B41)),1,0)} -> 0 | ... AU41: {=IF(AND(AU$4>=INDEX(plan!$J:$J, $B41), AU$4<=INDEX(plan!$K:$K, $B41)),1,0)} -> 0
F42: {=_xlfn.LET( _xlpm.act, cronograma!$C41, _xlpm.fecha, cronograma!F$4, _xlpm.ini, INDEX(plan!$J:$J, $B41), _xlpm.fin, INDEX(plan!$K:$K, $B41), _xlpm.existe, COUNTIFS( Tabla_Registro_Tareas_Agregada[Actividad], _xlpm.act, Tabla_Registro_Tareas_Agregada[Fecha], _xlpm.fecha ), IF(_xlpm.existe=0, 0, IF(AND(_xlpm.fecha>=_xlpm.ini, _xlpm.fecha<=_xlpm.fin), 1, -1)) )} -> 0 | G42: {=_xlfn.LET( _xlpm.act, cronograma!$C41, _xlpm.fecha, cronograma!G$4, _xlpm.ini, INDEX(plan!$J:$J, $B41), _xlpm.fin, INDEX(plan!$K:$K, $B41), _xlpm.existe, COUNTIFS( Tabla_Registro_Tareas_Agregada[Actividad], _xlpm.act, Tabla_Registro_Tareas_Agregada[Fecha], _xlpm.fecha ), IF(_xlpm.existe=0, 0, IF(AND(_xlpm.fecha>=_xlpm.ini, _xlpm.fecha<=_xlpm.fin), 1, -1)) )} -> 0 | H42: {=_xlfn.LET( _xlpm.act, cronograma!$C41, _xlpm.fecha, cronograma!H$4, _xlpm.ini, INDEX(plan!$J:$J, $B41), _xlpm.fin, INDEX(plan!$K:$K, $B41), _xlpm.existe, COUNTIFS( Tabla_Registro_Tareas_Agregada[Actividad], _xlpm.act, Tabla_Registro_Tareas_Agregada[Fecha], _xlpm.fecha ), IF(_xlpm.existe=0, 0, IF(AND(_xlpm.fecha>=_xlpm.ini, _xlpm.fecha<=_xlpm.fin), 1, -1)) )} -> 0 | I42: {=_xlfn.LET( _xlpm.act, cronograma!$C41, _xlpm.fecha, cronograma!I$4, _xlpm.ini, INDEX(plan!$J:$J, $B41), _xlpm.fin, INDEX(plan!$K:$K, $B41), _xlpm.existe, COUNTIFS( Tabla_Registro_Tareas_Agregada[Actividad], _xlpm.act, Tabla_Registro_Tareas_Agregada[Fecha], _xlpm.fecha ), IF(_xlpm.existe=0, 0, IF(AND(_xlpm.fecha>=_xlpm.ini, _xlpm.fecha<=_xlpm.fin), 1, -1)) )} -> 0 | J42: {=_xlfn.LET( _xlpm.act, cronograma!$C41, _xlpm.fecha, cronograma!J$4, _xlpm.ini, INDEX(plan!$J:$J, $B41), _xlpm.fin, INDEX(plan!$K:$K, $B41), _xlpm.existe, COUNTIFS( Tabla_Registro_Tareas_Agregada[Actividad], _xlpm.act, Tabla_Registro_Tareas_Agregada[Fecha], _xlpm.fecha ), IF(_xlpm.existe=0, 0, IF(AND(_xlpm.fecha>=_xlpm.ini, _xlpm.fecha<=_xlpm.fin), 1, -1)) )} -> 0 | K42: {=_xlfn.LET( _xlpm.act, cronograma!$C41, _xlpm.fecha, cronograma!K$4, _xlpm.ini, INDEX(plan!$J:$J, $B41), _xlpm.fin, INDEX(plan!$K:$K, $B41), _xlpm.existe, COUNTIFS( Tabla_Registro_Tareas_Agregada[Actividad], _xlpm.act, Tabla_Registro_Tareas_Agregada[Fecha], _xlpm.fecha ), IF(_xlpm.existe=0, 0, IF(AND(_xlpm.fecha>=_xlpm.ini, _xlpm.fecha<=_xlpm.fin), 1, -1)) )} -> 0 | L42: {=_xlfn.LET( _xlpm.act, cronograma!$C41, _xlpm.fecha, cronograma!L$4, _xlpm.ini, INDEX(plan!$J:$J, $B41), _xlpm.fin, INDEX(plan!$K:$K, $B41), _xlpm.existe, COUNTIFS( Tabla_Registro_Tareas_Agregada[Actividad], _xlpm.act, Tabla_Registro_Tareas_Agregada[Fecha], _xlpm.fecha ), IF(_xlpm.existe=0, 0, IF(AND(_xlpm.fecha>=_xlpm.ini, _xlpm.fecha<=_xlpm.fin), 1, -1)) )} -> 0 | M42: {=_xlfn.LET( _xlpm.act, cronograma!$C41, _xlpm.fecha, cronograma!M$4, _xlpm.ini, INDEX(plan!$J:$J, $B41), _xlpm.fin, INDEX(plan!$K:$K, $B41), _xlpm.existe, COUNTIFS( Tabla_Registro_Tareas_Agregada[Actividad], _xlpm.act, Tabla_Registro_Tareas_Agregada[Fecha], _xlpm.fecha ), IF(_xlpm.existe=0, 0, IF(AND(_xlpm.fecha>=_xlpm.ini, _xlpm.fecha<=_xlpm.fin), 1, -1)) )} -> 0 | ... AU42: {=_xlfn.LET( _xlpm.act, cronograma!$C41, _xlpm.fecha, cronograma!AU$4, _xlpm.ini, INDEX(plan!$J:$J, $B41), _xlpm.fin, INDEX(plan!$K:$K, $B41), _xlpm.existe, COUNTIFS( Tabla_Registro_Tareas_Agregada[Actividad], _xlpm.act, Tabla_Registro_Tareas_Agregada[Fecha], _xlpm.fecha ), IF(_xlpm.existe=0, 0, IF(AND(_xlpm.fecha>=_xlpm.ini, _xlpm.fecha<=_xlpm.fin), 1, -1)) )} -> 0
B43: =plan!B23 -> 23 | C43: =plan!C23 -> Reuniones no planificadas | D43: {=INDEX(plan!$I:$I, $B43)} -> 0 | E43: {=INDEX(plan!$U:$U, $B43)} -> 0 | F43: {=IF(AND(F$4>=INDEX(plan!$J:$J, $B43), F$4<=INDEX(plan!$K:$K, $B43)),1,0)} -> 0 | G43: {=IF(AND(G$4>=INDEX(plan!$J:$J, $B43), G$4<=INDEX(plan!$K:$K, $B43)),1,0)} -> 0 | H43: {=IF(AND(H$4>=INDEX(plan!$J:$J, $B43), H$4<=INDEX(plan!$K:$K, $B43)),1,0)} -> 0 | I43: {=IF(AND(I$4>=INDEX(plan!$J:$J, $B43), I$4<=INDEX(plan!$K:$K, $B43)),1,0)} -> 0 | J43: {=IF(AND(J$4>=INDEX(plan!$J:$J, $B43), J$4<=INDEX(plan!$K:$K, $B43)),1,0)} -> 0 | K43: {=IF(AND(K$4>=INDEX(plan!$J:$J, $B43), K$4<=INDEX(plan!$K:$K, $B43)),1,0)} -> 0 | L43: {=IF(AND(L$4>=INDEX(plan!$J:$J, $B43), L$4<=INDEX(plan!$K:$K, $B43)),1,0)} -> 0 | M43: {=IF(AND(M$4>=INDEX(plan!$J:$J, $B43), M$4<=INDEX(plan!$K:$K, $B43)),1,0)} -> 0 | ... AN43: {=IF(AND(AN$4>=INDEX(plan!$J:$J, $B43), AN$4<=INDEX(plan!$K:$K, $B43)),1,0)} -> 0
F44: {=_xlfn.LET( _xlpm.act, cronograma!$C43, _xlpm.fecha, cronograma!F$4, _xlpm.ini, INDEX(plan!$J:$J, $B43), _xlpm.fin, INDEX(plan!$K:$K, $B43), _xlpm.existe, COUNTIFS( Tabla_Registro_Tareas_Agregada[Actividad], _xlpm.act, Tabla_Registro_Tareas_Agregada[Fecha], _xlpm.fecha ), IF(_xlpm.existe=0, 0, IF(AND(_xlpm.fecha>=_xlpm.ini, _xlpm.fecha<=_xlpm.fin), 1, -1)) )} -> 0 | G44: {=_xlfn.LET( _xlpm.act, cronograma!$C43, _xlpm.fecha, cronograma!G$4, _xlpm.ini, INDEX(plan!$J:$J, $B43), _xlpm.fin, INDEX(plan!$K:$K, $B43), _xlpm.existe, COUNTIFS( Tabla_Registro_Tareas_Agregada[Actividad], _xlpm.act, Tabla_Registro_Tareas_Agregada[Fecha], _xlpm.fecha ), IF(_xlpm.existe=0, 0, IF(AND(_xlpm.fecha>=_xlpm.ini, _xlpm.fecha<=_xlpm.fin), 1, -1)) )} -> 0 | H44: {=_xlfn.LET( _xlpm.act, cronograma!$C43, _xlpm.fecha, cronograma!H$4, _xlpm.ini, INDEX(plan!$J:$J, $B43), _xlpm.fin, INDEX(plan!$K:$K, $B43), _xlpm.existe, COUNTIFS( Tabla_Registro_Tareas_Agregada[Actividad], _xlpm.act, Tabla_Registro_Tareas_Agregada[Fecha], _xlpm.fecha ), IF(_xlpm.existe=0, 0, IF(AND(_xlpm.fecha>=_xlpm.ini, _xlpm.fecha<=_xlpm.fin), 1, -1)) )} -> 0 | I44: {=_xlfn.LET( _xlpm.act, cronograma!$C43, _xlpm.fecha, cronograma!I$4, _xlpm.ini, INDEX(plan!$J:$J, $B43), _xlpm.fin, INDEX(plan!$K:$K, $B43), _xlpm.existe, COUNTIFS( Tabla_Registro_Tareas_Agregada[Actividad], _xlpm.act, Tabla_Registro_Tareas_Agregada[Fecha], _xlpm.fecha ), IF(_xlpm.existe=0, 0, IF(AND(_xlpm.fecha>=_xlpm.ini, _xlpm.fecha<=_xlpm.fin), 1, -1)) )} -> 0 | J44: {=_xlfn.LET( _xlpm.act, cronograma!$C43, _xlpm.fecha, cronograma!J$4, _xlpm.ini, INDEX(plan!$J:$J, $B43), _xlpm.fin, INDEX(plan!$K:$K, $B43), _xlpm.existe, COUNTIFS( Tabla_Registro_Tareas_Agregada[Actividad], _xlpm.act, Tabla_Registro_Tareas_Agregada[Fecha], _xlpm.fecha ), IF(_xlpm.existe=0, 0, IF(AND(_xlpm.fecha>=_xlpm.ini, _xlpm.fecha<=_xlpm.fin), 1, -1)) )} -> 0 | K44: {=_xlfn.LET( _xlpm.act, cronograma!$C43, _xlpm.fecha, cronograma!K$4, _xlpm.ini, INDEX(plan!$J:$J, $B43), _xlpm.fin, INDEX(plan!$K:$K, $B43), _xlpm.existe, COUNTIFS( Tabla_Registro_Tareas_Agregada[Actividad], _xlpm.act, Tabla_Registro_Tareas_Agregada[Fecha], _xlpm.fecha ), IF(_xlpm.existe=0, 0, IF(AND(_xlpm.fecha>=_xlpm.ini, _xlpm.fecha<=_xlpm.fin), 1, -1)) )} -> 0 | L44: {=_xlfn.LET( _xlpm.act, cronograma!$C43, _xlpm.fecha, cronograma!L$4, _xlpm.ini, INDEX(plan!$J:$J, $B43), _xlpm.fin, INDEX(plan!$K:$K, $B43), _xlpm.existe, COUNTIFS( Tabla_Registro_Tareas_Agregada[Actividad], _xlpm.act, Tabla_Registro_Tareas_Agregada[Fecha], _xlpm.fecha ), IF(_xlpm.existe=0, 0, IF(AND(_xlpm.fecha>=_xlpm.ini, _xlpm.fecha<=_xlpm.fin), 1, -1)) )} -> 0 | M44: {=_xlfn.LET( _xlpm.act, cronograma!$C43, _xlpm.fecha, cronograma!M$4, _xlpm.ini, INDEX(plan!$J:$J, $B43), _xlpm.fin, INDEX(plan!$K:$K, $B43), _xlpm.existe, COUNTIFS( Tabla_Registro_Tareas_Agregada[Actividad], _xlpm.act, Tabla_Registro_Tareas_Agregada[Fecha], _xlpm.fecha ), IF(_xlpm.existe=0, 0, IF(AND(_xlpm.fecha>=_xlpm.ini, _xlpm.fecha<=_xlpm.fin), 1, -1)) )} -> 0 | ... AN44: {=_xlfn.LET( _xlpm.act, cronograma!$C43, _xlpm.fecha, cronograma!AN$4, _xlpm.ini, INDEX(plan!$J:$J, $B43), _xlpm.fin, INDEX(plan!$K:$K, $B43), _xlpm.existe, COUNTIFS( Tabla_Registro_Tareas_Agregada[Actividad], _xlpm.act, Tabla_Registro_Tareas_Agregada[Fecha], _xlpm.fecha ), IF(_xlpm.existe=0, 0, IF(AND(_xlpm.fecha>=_xlpm.ini, _xlpm.fecha<=_xlpm.fin), 1, -1)) )} -> 0
B45: 24 | C45: =plan!C24 -> 0 | D45: {=INDEX(plan!$I:$I, $B45)} -> 0 | E45: {=INDEX(plan!$U:$U, $B45)} -> 0 | F45: {=IF(AND(F$4>=INDEX(plan!$J:$J, $B45), F$4<=INDEX(plan!$K:$K, $B45)),1,0)} -> 0 | G45: {=IF(AND(G$4>=INDEX(plan!$J:$J, $B45), G$4<=INDEX(plan!$K:$K, $B45)),1,0)} -> 0 | H45: {=IF(AND(H$4>=INDEX(plan!$J:$J, $B45), H$4<=INDEX(plan!$K:$K, $B45)),1,0)} -> 0 | I45: {=IF(AND(I$4>=INDEX(plan!$J:$J, $B45), I$4<=INDEX(plan!$K:$K, $B45)),1,0)} -> 0 | J45: {=IF(AND(J$4>=INDEX(plan!$J:$J, $B45), J$4<=INDEX(plan!$K:$K, $B45)),1,0)} -> 0 | K45: {=IF(AND(K$4>=INDEX(plan!$J:$J, $B45), K$4<=INDEX(plan!$K:$K, $B45)),1,0)} -> 0 | L45: {=IF(AND(L$4>=INDEX(plan!$J:$J, $B45), L$4<=INDEX(plan!$K:$K, $B45)),1,0)} -> 0 | M45: {=IF(AND(M$4>=INDEX(plan!$J:$J, $B45), M$4<=INDEX(plan!$K:$K, $B45)),1,0)} -> 0 | ... AN45: {=IF(AND(AN$4>=INDEX(plan!$J:$J, $B45), AN$4<=INDEX(plan!$K:$K, $B45)),1,0)} -> 0
F46: {=_xlfn.LET( _xlpm.act, cronograma!$C45, _xlpm.fecha, cronograma!F$4, _xlpm.ini, INDEX(plan!$J:$J, $B45), _xlpm.fin, INDEX(plan!$K:$K, $B45), _xlpm.existe, COUNTIFS( Tabla_Registro_Tareas_Agregada[Actividad], _xlpm.act, Tabla_Registro_Tareas_Agregada[Fecha], _xlpm.fecha ), IF(_xlpm.existe=0, 0, IF(AND(_xlpm.fecha>=_xlpm.ini, _xlpm.fecha<=_xlpm.fin), 1, -1)) )} -> 0 | G46: {=_xlfn.LET( _xlpm.act, cronograma!$C45, _xlpm.fecha, cronograma!G$4, _xlpm.ini, INDEX(plan!$J:$J, $B45), _xlpm.fin, INDEX(plan!$K:$K, $B45), _xlpm.existe, COUNTIFS( Tabla_Registro_Tareas_Agregada[Actividad], _xlpm.act, Tabla_Registro_Tareas_Agregada[Fecha], _xlpm.fecha ), IF(_xlpm.existe=0, 0, IF(AND(_xlpm.fecha>=_xlpm.ini, _xlpm.fecha<=_xlpm.fin), 1, -1)) )} -> 0 | H46: {=_xlfn.LET( _xlpm.act, cronograma!$C45, _xlpm.fecha, cronograma!H$4, _xlpm.ini, INDEX(plan!$J:$J, $B45), _xlpm.fin, INDEX(plan!$K:$K, $B45), _xlpm.existe, COUNTIFS( Tabla_Registro_Tareas_Agregada[Actividad], _xlpm.act, Tabla_Registro_Tareas_Agregada[Fecha], _xlpm.fecha ), IF(_xlpm.existe=0, 0, IF(AND(_xlpm.fecha>=_xlpm.ini, _xlpm.fecha<=_xlpm.fin), 1, -1)) )} -> 0 | I46: {=_xlfn.LET( _xlpm.act, cronograma!$C45, _xlpm.fecha, cronograma!I$4, _xlpm.ini, INDEX(plan!$J:$J, $B45), _xlpm.fin, INDEX(plan!$K:$K, $B45), _xlpm.existe, COUNTIFS( Tabla_Registro_Tareas_Agregada[Actividad], _xlpm.act, Tabla_Registro_Tareas_Agregada[Fecha], _xlpm.fecha ), IF(_xlpm.existe=0, 0, IF(AND(_xlpm.fecha>=_xlpm.ini, _xlpm.fecha<=_xlpm.fin), 1, -1)) )} -> 0 | J46: {=_xlfn.LET( _xlpm.act, cronograma!$C45, _xlpm.fecha, cronograma!J$4, _xlpm.ini, INDEX(plan!$J:$J, $B45), _xlpm.fin, INDEX(plan!$K:$K, $B45), _xlpm.existe, COUNTIFS( Tabla_Registro_Tareas_Agregada[Actividad], _xlpm.act, Tabla_Registro_Tareas_Agregada[Fecha], _xlpm.fecha ), IF(_xlpm.existe=0, 0, IF(AND(_xlpm.fecha>=_xlpm.ini, _xlpm.fecha<=_xlpm.fin), 1, -1)) )} -> 0 | K46: {=_xlfn.LET( _xlpm.act, cronograma!$C45, _xlpm.fecha, cronograma!K$4, _xlpm.ini, INDEX(plan!$J:$J, $B45), _xlpm.fin, INDEX(plan!$K:$K, $B45), _xlpm.existe, COUNTIFS( Tabla_Registro_Tareas_Agregada[Actividad], _xlpm.act, Tabla_Registro_Tareas_Agregada[Fecha], _xlpm.fecha ), IF(_xlpm.existe=0, 0, IF(AND(_xlpm.fecha>=_xlpm.ini, _xlpm.fecha<=_xlpm.fin), 1, -1)) )} -> 0 | L46: {=_xlfn.LET( _xlpm.act, cronograma!$C45, _xlpm.fecha, cronograma!L$4, _xlpm.ini, INDEX(plan!$J:$J, $B45), _xlpm.fin, INDEX(plan!$K:$K, $B45), _xlpm.existe, COUNTIFS( Tabla_Registro_Tareas_Agregada[Actividad], _xlpm.act, Tabla_Registro_Tareas_Agregada[Fecha], _xlpm.fecha ), IF(_xlpm.existe=0, 0, IF(AND(_xlpm.fecha>=_xlpm.ini, _xlpm.fecha<=_xlpm.fin), 1, -1)) )} -> 0 | M46: {=_xlfn.LET( _xlpm.act, cronograma!$C45, _xlpm.fecha, cronograma!M$4, _xlpm.ini, INDEX(plan!$J:$J, $B45), _xlpm.fin, INDEX(plan!$K:$K, $B45), _xlpm.existe, COUNTIFS( Tabla_Registro_Tareas_Agregada[Actividad], _xlpm.act, Tabla_Registro_Tareas_Agregada[Fecha], _xlpm.fecha ), IF(_xlpm.existe=0, 0, IF(AND(_xlpm.fecha>=_xlpm.ini, _xlpm.fecha<=_xlpm.fin), 1, -1)) )} -> 0 | ... AN46: {=_xlfn.LET( _xlpm.act, cronograma!$C45, _xlpm.fecha, cronograma!AN$4, _xlpm.ini, INDEX(plan!$J:$J, $B45), _xlpm.fin, INDEX(plan!$K:$K, $B45), _xlpm.existe, COUNTIFS( Tabla_Registro_Tareas_Agregada[Actividad], _xlpm.act, Tabla_Registro_Tareas_Agregada[Fecha], _xlpm.fecha ), IF(_xlpm.existe=0, 0, IF(AND(_xlpm.fecha>=_xlpm.ini, _xlpm.fecha<=_xlpm.fin), 1, -1)) )} -> 0
B47: =plan!B25 -> 25 | C47: =plan!C25 -> 0 | D47: {=INDEX(plan!$I:$I, $B47)} -> 0 | E47: {=INDEX(plan!$U:$U, $B47)} -> 0 | F47: {=IF(AND(F$4>=INDEX(plan!$J:$J, $B47), F$4<=INDEX(plan!$K:$K, $B47)),1,0)} -> 0 | G47: {=IF(AND(G$4>=INDEX(plan!$J:$J, $B47), G$4<=INDEX(plan!$K:$K, $B47)),1,0)} -> 0 | H47: {=IF(AND(H$4>=INDEX(plan!$J:$J, $B47), H$4<=INDEX(plan!$K:$K, $B47)),1,0)} -> 0 | I47: {=IF(AND(I$4>=INDEX(plan!$J:$J, $B47), I$4<=INDEX(plan!$K:$K, $B47)),1,0)} -> 0 | J47: {=IF(AND(J$4>=INDEX(plan!$J:$J, $B47), J$4<=INDEX(plan!$K:$K, $B47)),1,0)} -> 0 | K47: {=IF(AND(K$4>=INDEX(plan!$J:$J, $B47), K$4<=INDEX(plan!$K:$K, $B47)),1,0)} -> 0 | L47: {=IF(AND(L$4>=INDEX(plan!$J:$J, $B47), L$4<=INDEX(plan!$K:$K, $B47)),1,0)} -> 0 | M47: {=IF(AND(M$4>=INDEX(plan!$J:$J, $B47), M$4<=INDEX(plan!$K:$K, $B47)),1,0)} -> 0 | ... AN47: {=IF(AND(AN$4>=INDEX(plan!$J:$J, $B47), AN$4<=INDEX(plan!$K:$K, $B47)),1,0)} -> 0
F48: {=_xlfn.LET( _xlpm.act, cronograma!$C47, _xlpm.fecha, cronograma!F$4, _xlpm.ini, INDEX(plan!$J:$J, $B47), _xlpm.fin, INDEX(plan!$K:$K, $B47), _xlpm.existe, COUNTIFS( Tabla_Registro_Tareas_Agregada[Actividad], _xlpm.act, Tabla_Registro_Tareas_Agregada[Fecha], _xlpm.fecha ), IF(_xlpm.existe=0, 0, IF(AND(_xlpm.fecha>=_xlpm.ini, _xlpm.fecha<=_xlpm.fin), 1, -1)) )} -> 0 | G48: {=_xlfn.LET( _xlpm.act, cronograma!$C47, _xlpm.fecha, cronograma!G$4, _xlpm.ini, INDEX(plan!$J:$J, $B47), _xlpm.fin, INDEX(plan!$K:$K, $B47), _xlpm.existe, COUNTIFS( Tabla_Registro_Tareas_Agregada[Actividad], _xlpm.act, Tabla_Registro_Tareas_Agregada[Fecha], _xlpm.fecha ), IF(_xlpm.existe=0, 0, IF(AND(_xlpm.fecha>=_xlpm.ini, _xlpm.fecha<=_xlpm.fin), 1, -1)) )} -> 0 | H48: {=_xlfn.LET( _xlpm.act, cronograma!$C47, _xlpm.fecha, cronograma!H$4, _xlpm.ini, INDEX(plan!$J:$J, $B47), _xlpm.fin, INDEX(plan!$K:$K, $B47), _xlpm.existe, COUNTIFS( Tabla_Registro_Tareas_Agregada[Actividad], _xlpm.act, Tabla_Registro_Tareas_Agregada[Fecha], _xlpm.fecha ), IF(_xlpm.existe=0, 0, IF(AND(_xlpm.fecha>=_xlpm.ini, _xlpm.fecha<=_xlpm.fin), 1, -1)) )} -> 0 | I48: {=_xlfn.LET( _xlpm.act, cronograma!$C47, _xlpm.fecha, cronograma!I$4, _xlpm.ini, INDEX(plan!$J:$J, $B47), _xlpm.fin, INDEX(plan!$K:$K, $B47), _xlpm.existe, COUNTIFS( Tabla_Registro_Tareas_Agregada[Actividad], _xlpm.act, Tabla_Registro_Tareas_Agregada[Fecha], _xlpm.fecha ), IF(_xlpm.existe=0, 0, IF(AND(_xlpm.fecha>=_xlpm.ini, _xlpm.fecha<=_xlpm.fin), 1, -1)) )} -> 0 | J48: {=_xlfn.LET( _xlpm.act, cronograma!$C47, _xlpm.fecha, cronograma!J$4, _xlpm.ini, INDEX(plan!$J:$J, $B47), _xlpm.fin, INDEX(plan!$K:$K, $B47), _xlpm.existe, COUNTIFS( Tabla_Registro_Tareas_Agregada[Actividad], _xlpm.act, Tabla_Registro_Tareas_Agregada[Fecha], _xlpm.fecha ), IF(_xlpm.existe=0, 0, IF(AND(_xlpm.fecha>=_xlpm.ini, _xlpm.fecha<=_xlpm.fin), 1, -1)) )} -> 0 | K48: {=_xlfn.LET( _xlpm.act, cronograma!$C47, _xlpm.fecha, cronograma!K$4, _xlpm.ini, INDEX(plan!$J:$J, $B47), _xlpm.fin, INDEX(plan!$K:$K, $B47), _xlpm.existe, COUNTIFS( Tabla_Registro_Tareas_Agregada[Actividad], _xlpm.act, Tabla_Registro_Tareas_Agregada[Fecha], _xlpm.fecha ), IF(_xlpm.existe=0, 0, IF(AND(_xlpm.fecha>=_xlpm.ini, _xlpm.fecha<=_xlpm.fin), 1, -1)) )} -> 0 | L48: {=_xlfn.LET( _xlpm.act, cronograma!$C47, _xlpm.fecha, cronograma!L$4, _xlpm.ini, INDEX(plan!$J:$J, $B47), _xlpm.fin, INDEX(plan!$K:$K, $B47), _xlpm.existe, COUNTIFS( Tabla_Registro_Tareas_Agregada[Actividad], _xlpm.act, Tabla_Registro_Tareas_Agregada[Fecha], _xlpm.fecha ), IF(_xlpm.existe=0, 0, IF(AND(_xlpm.fecha>=_xlpm.ini, _xlpm.fecha<=_xlpm.fin), 1, -1)) )} -> 0 | M48: {=_xlfn.LET( _xlpm.act, cronograma!$C47, _xlpm.fecha, cronograma!M$4, _xlpm.ini, INDEX(plan!$J:$J, $B47), _xlpm.fin, INDEX(plan!$K:$K, $B47), _xlpm.existe, COUNTIFS( Tabla_Registro_Tareas_Agregada[Actividad], _xlpm.act, Tabla_Registro_Tareas_Agregada[Fecha], _xlpm.fecha ), IF(_xlpm.existe=0, 0, IF(AND(_xlpm.fecha>=_xlpm.ini, _xlpm.fecha<=_xlpm.fin), 1, -1)) )} -> 0 | ... AN48: {=_xlfn.LET( _xlpm.act, cronograma!$C47, _xlpm.fecha, cronograma!AN$4, _xlpm.ini, INDEX(plan!$J:$J, $B47), _xlpm.fin, INDEX(plan!$K:$K, $B47), _xlpm.existe, COUNTIFS( Tabla_Registro_Tareas_Agregada[Actividad], _xlpm.act, Tabla_Registro_Tareas_Agregada[Fecha], _xlpm.fecha ), IF(_xlpm.existe=0, 0, IF(AND(_xlpm.fecha>=_xlpm.ini, _xlpm.fecha<=_xlpm.fin), 1, -1)) )} -> 0
B49: =plan!B26 -> 26 | C49: =plan!C26 -> 0 | D49: {=INDEX(plan!$I:$I, $B49)} -> 0 | E49: {=INDEX(plan!$U:$U, $B49)} -> 0 | F49: {=IF(AND(F$4>=INDEX(plan!$J:$J, $B49), F$4<=INDEX(plan!$K:$K, $B49)),1,0)} -> 0 | G49: {=IF(AND(G$4>=INDEX(plan!$J:$J, $B49), G$4<=INDEX(plan!$K:$K, $B49)),1,0)} -> 0 | H49: {=IF(AND(H$4>=INDEX(plan!$J:$J, $B49), H$4<=INDEX(plan!$K:$K, $B49)),1,0)} -> 0 | I49: {=IF(AND(I$4>=INDEX(plan!$J:$J, $B49), I$4<=INDEX(plan!$K:$K, $B49)),1,0)} -> 0 | J49: {=IF(AND(J$4>=INDEX(plan!$J:$J, $B49), J$4<=INDEX(plan!$K:$K, $B49)),1,0)} -> 0 | K49: {=IF(AND(K$4>=INDEX(plan!$J:$J, $B49), K$4<=INDEX(plan!$K:$K, $B49)),1,0)} -> 0 | L49: {=IF(AND(L$4>=INDEX(plan!$J:$J, $B49), L$4<=INDEX(plan!$K:$K, $B49)),1,0)} -> 0 | M49: {=IF(AND(M$4>=INDEX(plan!$J:$J, $B49), M$4<=INDEX(plan!$K:$K, $B49)),1,0)} -> 0 | ... AN49: {=IF(AND(AN$4>=INDEX(plan!$J:$J, $B49), AN$4<=INDEX(plan!$K:$K, $B49)),1,0)} -> 0
F50: {=_xlfn.LET( _xlpm.act, cronograma!$C49, _xlpm.fecha, cronograma!F$4, _xlpm.ini, INDEX(plan!$J:$J, $B49), _xlpm.fin, INDEX(plan!$K:$K, $B49), _xlpm.existe, COUNTIFS( Tabla_Registro_Tareas_Agregada[Actividad], _xlpm.act, Tabla_Registro_Tareas_Agregada[Fecha], _xlpm.fecha ), IF(_xlpm.existe=0, 0, IF(AND(_xlpm.fecha>=_xlpm.ini, _xlpm.fecha<=_xlpm.fin), 1, -1)) )} -> 0 | G50: {=_xlfn.LET( _xlpm.act, cronograma!$C49, _xlpm.fecha, cronograma!G$4, _xlpm.ini, INDEX(plan!$J:$J, $B49), _xlpm.fin, INDEX(plan!$K:$K, $B49), _xlpm.existe, COUNTIFS( Tabla_Registro_Tareas_Agregada[Actividad], _xlpm.act, Tabla_Registro_Tareas_Agregada[Fecha], _xlpm.fecha ), IF(_xlpm.existe=0, 0, IF(AND(_xlpm.fecha>=_xlpm.ini, _xlpm.fecha<=_xlpm.fin), 1, -1)) )} -> 0 | H50: {=_xlfn.LET( _xlpm.act, cronograma!$C49, _xlpm.fecha, cronograma!H$4, _xlpm.ini, INDEX(plan!$J:$J, $B49), _xlpm.fin, INDEX(plan!$K:$K, $B49), _xlpm.existe, COUNTIFS( Tabla_Registro_Tareas_Agregada[Actividad], _xlpm.act, Tabla_Registro_Tareas_Agregada[Fecha], _xlpm.fecha ), IF(_xlpm.existe=0, 0, IF(AND(_xlpm.fecha>=_xlpm.ini, _xlpm.fecha<=_xlpm.fin), 1, -1)) )} -> 0 | I50: {=_xlfn.LET( _xlpm.act, cronograma!$C49, _xlpm.fecha, cronograma!I$4, _xlpm.ini, INDEX(plan!$J:$J, $B49), _xlpm.fin, INDEX(plan!$K:$K, $B49), _xlpm.existe, COUNTIFS( Tabla_Registro_Tareas_Agregada[Actividad], _xlpm.act, Tabla_Registro_Tareas_Agregada[Fecha], _xlpm.fecha ), IF(_xlpm.existe=0, 0, IF(AND(_xlpm.fecha>=_xlpm.ini, _xlpm.fecha<=_xlpm.fin), 1, -1)) )} -> 0 | J50: {=_xlfn.LET( _xlpm.act, cronograma!$C49, _xlpm.fecha, cronograma!J$4, _xlpm.ini, INDEX(plan!$J:$J, $B49), _xlpm.fin, INDEX(plan!$K:$K, $B49), _xlpm.existe, COUNTIFS( Tabla_Registro_Tareas_Agregada[Actividad], _xlpm.act, Tabla_Registro_Tareas_Agregada[Fecha], _xlpm.fecha ), IF(_xlpm.existe=0, 0, IF(AND(_xlpm.fecha>=_xlpm.ini, _xlpm.fecha<=_xlpm.fin), 1, -1)) )} -> 0 | K50: {=_xlfn.LET( _xlpm.act, cronograma!$C49, _xlpm.fecha, cronograma!K$4, _xlpm.ini, INDEX(plan!$J:$J, $B49), _xlpm.fin, INDEX(plan!$K:$K, $B49), _xlpm.existe, COUNTIFS( Tabla_Registro_Tareas_Agregada[Actividad], _xlpm.act, Tabla_Registro_Tareas_Agregada[Fecha], _xlpm.fecha ), IF(_xlpm.existe=0, 0, IF(AND(_xlpm.fecha>=_xlpm.ini, _xlpm.fecha<=_xlpm.fin), 1, -1)) )} -> 0 | L50: {=_xlfn.LET( _xlpm.act, cronograma!$C49, _xlpm.fecha, cronograma!L$4, _xlpm.ini, INDEX(plan!$J:$J, $B49), _xlpm.fin, INDEX(plan!$K:$K, $B49), _xlpm.existe, COUNTIFS( Tabla_Registro_Tareas_Agregada[Actividad], _xlpm.act, Tabla_Registro_Tareas_Agregada[Fecha], _xlpm.fecha ), IF(_xlpm.existe=0, 0, IF(AND(_xlpm.fecha>=_xlpm.ini, _xlpm.fecha<=_xlpm.fin), 1, -1)) )} -> 0 | M50: {=_xlfn.LET( _xlpm.act, cronograma!$C49, _xlpm.fecha, cronograma!M$4, _xlpm.ini, INDEX(plan!$J:$J, $B49), _xlpm.fin, INDEX(plan!$K:$K, $B49), _xlpm.existe, COUNTIFS( Tabla_Registro_Tareas_Agregada[Actividad], _xlpm.act, Tabla_Registro_Tareas_Agregada[Fecha], _xlpm.fecha ), IF(_xlpm.existe=0, 0, IF(AND(_xlpm.fecha>=_xlpm.ini, _xlpm.fecha<=_xlpm.fin), 1, -1)) )} -> 0 | ... AN50: {=_xlfn.LET( _xlpm.act, cronograma!$C49, _xlpm.fecha, cronograma!AN$4, _xlpm.ini, INDEX(plan!$J:$J, $B49), _xlpm.fin, INDEX(plan!$K:$K, $B49), _xlpm.existe, COUNTIFS( Tabla_Registro_Tareas_Agregada[Actividad], _xlpm.act, Tabla_Registro_Tareas_Agregada[Fecha], _xlpm.fecha ), IF(_xlpm.existe=0, 0, IF(AND(_xlpm.fecha>=_xlpm.ini, _xlpm.fecha<=_xlpm.fin), 1, -1)) )} -> 0
B51: =plan!B27 -> 27 | C51: =plan!C27 -> 0 | D51: {=INDEX(plan!$I:$I, $B51)} -> 0 | E51: {=INDEX(plan!$U:$U, $B51)} -> 0 | F51: {=IF(AND(F$4>=INDEX(plan!$J:$J, $B51), F$4<=INDEX(plan!$K:$K, $B51)),1,0)} -> 0 | G51: {=IF(AND(G$4>=INDEX(plan!$J:$J, $B51), G$4<=INDEX(plan!$K:$K, $B51)),1,0)} -> 0 | H51: {=IF(AND(H$4>=INDEX(plan!$J:$J, $B51), H$4<=INDEX(plan!$K:$K, $B51)),1,0)} -> 0 | I51: {=IF(AND(I$4>=INDEX(plan!$J:$J, $B51), I$4<=INDEX(plan!$K:$K, $B51)),1,0)} -> 0 | J51: {=IF(AND(J$4>=INDEX(plan!$J:$J, $B51), J$4<=INDEX(plan!$K:$K, $B51)),1,0)} -> 0 | K51: {=IF(AND(K$4>=INDEX(plan!$J:$J, $B51), K$4<=INDEX(plan!$K:$K, $B51)),1,0)} -> 0 | L51: {=IF(AND(L$4>=INDEX(plan!$J:$J, $B51), L$4<=INDEX(plan!$K:$K, $B51)),1,0)} -> 0 | M51: {=IF(AND(M$4>=INDEX(plan!$J:$J, $B51), M$4<=INDEX(plan!$K:$K, $B51)),1,0)} -> 0 | ... AN51: {=IF(AND(AN$4>=INDEX(plan!$J:$J, $B51), AN$4<=INDEX(plan!$K:$K, $B51)),1,0)} -> 0
F52: {=_xlfn.LET( _xlpm.act, cronograma!$C51, _xlpm.fecha, cronograma!F$4, _xlpm.ini, INDEX(plan!$J:$J, $B51), _xlpm.fin, INDEX(plan!$K:$K, $B51), _xlpm.existe, COUNTIFS( Tabla_Registro_Tareas_Agregada[Actividad], _xlpm.act, Tabla_Registro_Tareas_Agregada[Fecha], _xlpm.fecha ), IF(_xlpm.existe=0, 0, IF(AND(_xlpm.fecha>=_xlpm.ini, _xlpm.fecha<=_xlpm.fin), 1, -1)) )} -> 0 | G52: {=_xlfn.LET( _xlpm.act, cronograma!$C51, _xlpm.fecha, cronograma!G$4, _xlpm.ini, INDEX(plan!$J:$J, $B51), _xlpm.fin, INDEX(plan!$K:$K, $B51), _xlpm.existe, COUNTIFS( Tabla_Registro_Tareas_Agregada[Actividad], _xlpm.act, Tabla_Registro_Tareas_Agregada[Fecha], _xlpm.fecha ), IF(_xlpm.existe=0, 0, IF(AND(_xlpm.fecha>=_xlpm.ini, _xlpm.fecha<=_xlpm.fin), 1, -1)) )} -> 0 | H52: {=_xlfn.LET( _xlpm.act, cronograma!$C51, _xlpm.fecha, cronograma!H$4, _xlpm.ini, INDEX(plan!$J:$J, $B51), _xlpm.fin, INDEX(plan!$K:$K, $B51), _xlpm.existe, COUNTIFS( Tabla_Registro_Tareas_Agregada[Actividad], _xlpm.act, Tabla_Registro_Tareas_Agregada[Fecha], _xlpm.fecha ), IF(_xlpm.existe=0, 0, IF(AND(_xlpm.fecha>=_xlpm.ini, _xlpm.fecha<=_xlpm.fin), 1, -1)) )} -> 0 | I52: {=_xlfn.LET( _xlpm.act, cronograma!$C51, _xlpm.fecha, cronograma!I$4, _xlpm.ini, INDEX(plan!$J:$J, $B51), _xlpm.fin, INDEX(plan!$K:$K, $B51), _xlpm.existe, COUNTIFS( Tabla_Registro_Tareas_Agregada[Actividad], _xlpm.act, Tabla_Registro_Tareas_Agregada[Fecha], _xlpm.fecha ), IF(_xlpm.existe=0, 0, IF(AND(_xlpm.fecha>=_xlpm.ini, _xlpm.fecha<=_xlpm.fin), 1, -1)) )} -> 0 | J52: {=_xlfn.LET( _xlpm.act, cronograma!$C51, _xlpm.fecha, cronograma!J$4, _xlpm.ini, INDEX(plan!$J:$J, $B51), _xlpm.fin, INDEX(plan!$K:$K, $B51), _xlpm.existe, COUNTIFS( Tabla_Registro_Tareas_Agregada[Actividad], _xlpm.act, Tabla_Registro_Tareas_Agregada[Fecha], _xlpm.fecha ), IF(_xlpm.existe=0, 0, IF(AND(_xlpm.fecha>=_xlpm.ini, _xlpm.fecha<=_xlpm.fin), 1, -1)) )} -> 0 | K52: {=_xlfn.LET( _xlpm.act, cronograma!$C51, _xlpm.fecha, cronograma!K$4, _xlpm.ini, INDEX(plan!$J:$J, $B51), _xlpm.fin, INDEX(plan!$K:$K, $B51), _xlpm.existe, COUNTIFS( Tabla_Registro_Tareas_Agregada[Actividad], _xlpm.act, Tabla_Registro_Tareas_Agregada[Fecha], _xlpm.fecha ), IF(_xlpm.existe=0, 0, IF(AND(_xlpm.fecha>=_xlpm.ini, _xlpm.fecha<=_xlpm.fin), 1, -1)) )} -> 0 | L52: {=_xlfn.LET( _xlpm.act, cronograma!$C51, _xlpm.fecha, cronograma!L$4, _xlpm.ini, INDEX(plan!$J:$J, $B51), _xlpm.fin, INDEX(plan!$K:$K, $B51), _xlpm.existe, COUNTIFS( Tabla_Registro_Tareas_Agregada[Actividad], _xlpm.act, Tabla_Registro_Tareas_Agregada[Fecha], _xlpm.fecha ), IF(_xlpm.existe=0, 0, IF(AND(_xlpm.fecha>=_xlpm.ini, _xlpm.fecha<=_xlpm.fin), 1, -1)) )} -> 0 | M52: {=_xlfn.LET( _xlpm.act, cronograma!$C51, _xlpm.fecha, cronograma!M$4, _xlpm.ini, INDEX(plan!$J:$J, $B51), _xlpm.fin, INDEX(plan!$K:$K, $B51), _xlpm.existe, COUNTIFS( Tabla_Registro_Tareas_Agregada[Actividad], _xlpm.act, Tabla_Registro_Tareas_Agregada[Fecha], _xlpm.fecha ), IF(_xlpm.existe=0, 0, IF(AND(_xlpm.fecha>=_xlpm.ini, _xlpm.fecha<=_xlpm.fin), 1, -1)) )} -> 0 | ... AN52: {=_xlfn.LET( _xlpm.act, cronograma!$C51, _xlpm.fecha, cronograma!AN$4, _xlpm.ini, INDEX(plan!$J:$J, $B51), _xlpm.fin, INDEX(plan!$K:$K, $B51), _xlpm.existe, COUNTIFS( Tabla_Registro_Tareas_Agregada[Actividad], _xlpm.act, Tabla_Registro_Tareas_Agregada[Fecha], _xlpm.fecha ), IF(_xlpm.existe=0, 0, IF(AND(_xlpm.fecha>=_xlpm.ini, _xlpm.fecha<=_xlpm.fin), 1, -1)) )} -> 0
B53: =plan!B28 -> 28 | C53: =plan!C28 -> 0 | D53: {=INDEX(plan!$I:$I, $B53)} -> 0 | E53: {=INDEX(plan!$U:$U, $B53)} -> 0 | F53: {=IF(AND(F$4>=INDEX(plan!$J:$J, $B53), F$4<=INDEX(plan!$K:$K, $B53)),1,0)} -> 0 | G53: {=IF(AND(G$4>=INDEX(plan!$J:$J, $B53), G$4<=INDEX(plan!$K:$K, $B53)),1,0)} -> 0 | H53: {=IF(AND(H$4>=INDEX(plan!$J:$J, $B53), H$4<=INDEX(plan!$K:$K, $B53)),1,0)} -> 0 | I53: {=IF(AND(I$4>=INDEX(plan!$J:$J, $B53), I$4<=INDEX(plan!$K:$K, $B53)),1,0)} -> 0 | J53: {=IF(AND(J$4>=INDEX(plan!$J:$J, $B53), J$4<=INDEX(plan!$K:$K, $B53)),1,0)} -> 0 | K53: {=IF(AND(K$4>=INDEX(plan!$J:$J, $B53), K$4<=INDEX(plan!$K:$K, $B53)),1,0)} -> 0 | L53: {=IF(AND(L$4>=INDEX(plan!$J:$J, $B53), L$4<=INDEX(plan!$K:$K, $B53)),1,0)} -> 0 | M53: {=IF(AND(M$4>=INDEX(plan!$J:$J, $B53), M$4<=INDEX(plan!$K:$K, $B53)),1,0)} -> 0 | ... AN53: {=IF(AND(AN$4>=INDEX(plan!$J:$J, $B53), AN$4<=INDEX(plan!$K:$K, $B53)),1,0)} -> 0
F54: {=_xlfn.LET( _xlpm.act, cronograma!$C53, _xlpm.fecha, cronograma!F$4, _xlpm.ini, INDEX(plan!$J:$J, $B53), _xlpm.fin, INDEX(plan!$K:$K, $B53), _xlpm.existe, COUNTIFS( Tabla_Registro_Tareas_Agregada[Actividad], _xlpm.act, Tabla_Registro_Tareas_Agregada[Fecha], _xlpm.fecha ), IF(_xlpm.existe=0, 0, IF(AND(_xlpm.fecha>=_xlpm.ini, _xlpm.fecha<=_xlpm.fin), 1, -1)) )} -> 0 | G54: {=_xlfn.LET( _xlpm.act, cronograma!$C53, _xlpm.fecha, cronograma!G$4, _xlpm.ini, INDEX(plan!$J:$J, $B53), _xlpm.fin, INDEX(plan!$K:$K, $B53), _xlpm.existe, COUNTIFS( Tabla_Registro_Tareas_Agregada[Actividad], _xlpm.act, Tabla_Registro_Tareas_Agregada[Fecha], _xlpm.fecha ), IF(_xlpm.existe=0, 0, IF(AND(_xlpm.fecha>=_xlpm.ini, _xlpm.fecha<=_xlpm.fin), 1, -1)) )} -> 0 | H54: {=_xlfn.LET( _xlpm.act, cronograma!$C53, _xlpm.fecha, cronograma!H$4, _xlpm.ini, INDEX(plan!$J:$J, $B53), _xlpm.fin, INDEX(plan!$K:$K, $B53), _xlpm.existe, COUNTIFS( Tabla_Registro_Tareas_Agregada[Actividad], _xlpm.act, Tabla_Registro_Tareas_Agregada[Fecha], _xlpm.fecha ), IF(_xlpm.existe=0, 0, IF(AND(_xlpm.fecha>=_xlpm.ini, _xlpm.fecha<=_xlpm.fin), 1, -1)) )} -> 0 | I54: {=_xlfn.LET( _xlpm.act, cronograma!$C53, _xlpm.fecha, cronograma!I$4, _xlpm.ini, INDEX(plan!$J:$J, $B53), _xlpm.fin, INDEX(plan!$K:$K, $B53), _xlpm.existe, COUNTIFS( Tabla_Registro_Tareas_Agregada[Actividad], _xlpm.act, Tabla_Registro_Tareas_Agregada[Fecha], _xlpm.fecha ), IF(_xlpm.existe=0, 0, IF(AND(_xlpm.fecha>=_xlpm.ini, _xlpm.fecha<=_xlpm.fin), 1, -1)) )} -> 0 | J54: {=_xlfn.LET( _xlpm.act, cronograma!$C53, _xlpm.fecha, cronograma!J$4, _xlpm.ini, INDEX(plan!$J:$J, $B53), _xlpm.fin, INDEX(plan!$K:$K, $B53), _xlpm.existe, COUNTIFS( Tabla_Registro_Tareas_Agregada[Actividad], _xlpm.act, Tabla_Registro_Tareas_Agregada[Fecha], _xlpm.fecha ), IF(_xlpm.existe=0, 0, IF(AND(_xlpm.fecha>=_xlpm.ini, _xlpm.fecha<=_xlpm.fin), 1, -1)) )} -> 0 | K54: {=_xlfn.LET( _xlpm.act, cronograma!$C53, _xlpm.fecha, cronograma!K$4, _xlpm.ini, INDEX(plan!$J:$J, $B53), _xlpm.fin, INDEX(plan!$K:$K, $B53), _xlpm.existe, COUNTIFS( Tabla_Registro_Tareas_Agregada[Actividad], _xlpm.act, Tabla_Registro_Tareas_Agregada[Fecha], _xlpm.fecha ), IF(_xlpm.existe=0, 0, IF(AND(_xlpm.fecha>=_xlpm.ini, _xlpm.fecha<=_xlpm.fin), 1, -1)) )} -> 0 | L54: {=_xlfn.LET( _xlpm.act, cronograma!$C53, _xlpm.fecha, cronograma!L$4, _xlpm.ini, INDEX(plan!$J:$J, $B53), _xlpm.fin, INDEX(plan!$K:$K, $B53), _xlpm.existe, COUNTIFS( Tabla_Registro_Tareas_Agregada[Actividad], _xlpm.act, Tabla_Registro_Tareas_Agregada[Fecha], _xlpm.fecha ), IF(_xlpm.existe=0, 0, IF(AND(_xlpm.fecha>=_xlpm.ini, _xlpm.fecha<=_xlpm.fin), 1, -1)) )} -> 0 | M54: {=_xlfn.LET( _xlpm.act, cronograma!$C53, _xlpm.fecha, cronograma!M$4, _xlpm.ini, INDEX(plan!$J:$J, $B53), _xlpm.fin, INDEX(plan!$K:$K, $B53), _xlpm.existe, COUNTIFS( Tabla_Registro_Tareas_Agregada[Actividad], _xlpm.act, Tabla_Registro_Tareas_Agregada[Fecha], _xlpm.fecha ), IF(_xlpm.existe=0, 0, IF(AND(_xlpm.fecha>=_xlpm.ini, _xlpm.fecha<=_xlpm.fin), 1, -1)) )} -> 0 | ... AN54: {=_xlfn.LET( _xlpm.act, cronograma!$C53, _xlpm.fecha, cronograma!AN$4, _xlpm.ini, INDEX(plan!$J:$J, $B53), _xlpm.fin, INDEX(plan!$K:$K, $B53), _xlpm.existe, COUNTIFS( Tabla_Registro_Tareas_Agregada[Actividad], _xlpm.act, Tabla_Registro_Tareas_Agregada[Fecha], _xlpm.fecha ), IF(_xlpm.existe=0, 0, IF(AND(_xlpm.fecha>=_xlpm.ini, _xlpm.fecha<=_xlpm.fin), 1, -1)) )} -> 0
B55: =plan!B29 -> 29 | C55: =plan!C29 -> 0 | D55: {=INDEX(plan!$I:$I, $B55)} -> 0 | E55: {=INDEX(plan!$U:$U, $B55)} -> 0 | F55: {=IF(AND(F$4>=INDEX(plan!$J:$J, $B55), F$4<=INDEX(plan!$K:$K, $B55)),1,0)} -> 0 | G55: {=IF(AND(G$4>=INDEX(plan!$J:$J, $B55), G$4<=INDEX(plan!$K:$K, $B55)),1,0)} -> 0 | H55: {=IF(AND(H$4>=INDEX(plan!$J:$J, $B55), H$4<=INDEX(plan!$K:$K, $B55)),1,0)} -> 0 | I55: {=IF(AND(I$4>=INDEX(plan!$J:$J, $B55), I$4<=INDEX(plan!$K:$K, $B55)),1,0)} -> 0 | J55: {=IF(AND(J$4>=INDEX(plan!$J:$J, $B55), J$4<=INDEX(plan!$K:$K, $B55)),1,0)} -> 0 | K55: {=IF(AND(K$4>=INDEX(plan!$J:$J, $B55), K$4<=INDEX(plan!$K:$K, $B55)),1,0)} -> 0 | L55: {=IF(AND(L$4>=INDEX(plan!$J:$J, $B55), L$4<=INDEX(plan!$K:$K, $B55)),1,0)} -> 0 | M55: {=IF(AND(M$4>=INDEX(plan!$J:$J, $B55), M$4<=INDEX(plan!$K:$K, $B55)),1,0)} -> 0 | ... AN55: {=IF(AND(AN$4>=INDEX(plan!$J:$J, $B55), AN$4<=INDEX(plan!$K:$K, $B55)),1,0)} -> 0
F56: {=_xlfn.LET( _xlpm.act, cronograma!$C55, _xlpm.fecha, cronograma!F$4, _xlpm.ini, INDEX(plan!$J:$J, $B55), _xlpm.fin, INDEX(plan!$K:$K, $B55), _xlpm.existe, COUNTIFS( Tabla_Registro_Tareas_Agregada[Actividad], _xlpm.act, Tabla_Registro_Tareas_Agregada[Fecha], _xlpm.fecha ), IF(_xlpm.existe=0, 0, IF(AND(_xlpm.fecha>=_xlpm.ini, _xlpm.fecha<=_xlpm.fin), 1, -1)) )} -> 0 | G56: {=_xlfn.LET( _xlpm.act, cronograma!$C55, _xlpm.fecha, cronograma!G$4, _xlpm.ini, INDEX(plan!$J:$J, $B55), _xlpm.fin, INDEX(plan!$K:$K, $B55), _xlpm.existe, COUNTIFS( Tabla_Registro_Tareas_Agregada[Actividad], _xlpm.act, Tabla_Registro_Tareas_Agregada[Fecha], _xlpm.fecha ), IF(_xlpm.existe=0, 0, IF(AND(_xlpm.fecha>=_xlpm.ini, _xlpm.fecha<=_xlpm.fin), 1, -1)) )} -> 0 | H56: {=_xlfn.LET( _xlpm.act, cronograma!$C55, _xlpm.fecha, cronograma!H$4, _xlpm.ini, INDEX(plan!$J:$J, $B55), _xlpm.fin, INDEX(plan!$K:$K, $B55), _xlpm.existe, COUNTIFS( Tabla_Registro_Tareas_Agregada[Actividad], _xlpm.act, Tabla_Registro_Tareas_Agregada[Fecha], _xlpm.fecha ), IF(_xlpm.existe=0, 0, IF(AND(_xlpm.fecha>=_xlpm.ini, _xlpm.fecha<=_xlpm.fin), 1, -1)) )} -> 0 | I56: {=_xlfn.LET( _xlpm.act, cronograma!$C55, _xlpm.fecha, cronograma!I$4, _xlpm.ini, INDEX(plan!$J:$J, $B55), _xlpm.fin, INDEX(plan!$K:$K, $B55), _xlpm.existe, COUNTIFS( Tabla_Registro_Tareas_Agregada[Actividad], _xlpm.act, Tabla_Registro_Tareas_Agregada[Fecha], _xlpm.fecha ), IF(_xlpm.existe=0, 0, IF(AND(_xlpm.fecha>=_xlpm.ini, _xlpm.fecha<=_xlpm.fin), 1, -1)) )} -> 0 | J56: {=_xlfn.LET( _xlpm.act, cronograma!$C55, _xlpm.fecha, cronograma!J$4, _xlpm.ini, INDEX(plan!$J:$J, $B55), _xlpm.fin, INDEX(plan!$K:$K, $B55), _xlpm.existe, COUNTIFS( Tabla_Registro_Tareas_Agregada[Actividad], _xlpm.act, Tabla_Registro_Tareas_Agregada[Fecha], _xlpm.fecha ), IF(_xlpm.existe=0, 0, IF(AND(_xlpm.fecha>=_xlpm.ini, _xlpm.fecha<=_xlpm.fin), 1, -1)) )} -> 0 | K56: {=_xlfn.LET( _xlpm.act, cronograma!$C55, _xlpm.fecha, cronograma!K$4, _xlpm.ini, INDEX(plan!$J:$J, $B55), _xlpm.fin, INDEX(plan!$K:$K, $B55), _xlpm.existe, COUNTIFS( Tabla_Registro_Tareas_Agregada[Actividad], _xlpm.act, Tabla_Registro_Tareas_Agregada[Fecha], _xlpm.fecha ), IF(_xlpm.existe=0, 0, IF(AND(_xlpm.fecha>=_xlpm.ini, _xlpm.fecha<=_xlpm.fin), 1, -1)) )} -> 0 | L56: {=_xlfn.LET( _xlpm.act, cronograma!$C55, _xlpm.fecha, cronograma!L$4, _xlpm.ini, INDEX(plan!$J:$J, $B55), _xlpm.fin, INDEX(plan!$K:$K, $B55), _xlpm.existe, COUNTIFS( Tabla_Registro_Tareas_Agregada[Actividad], _xlpm.act, Tabla_Registro_Tareas_Agregada[Fecha], _xlpm.fecha ), IF(_xlpm.existe=0, 0, IF(AND(_xlpm.fecha>=_xlpm.ini, _xlpm.fecha<=_xlpm.fin), 1, -1)) )} -> 0 | M56: {=_xlfn.LET( _xlpm.act, cronograma!$C55, _xlpm.fecha, cronograma!M$4, _xlpm.ini, INDEX(plan!$J:$J, $B55), _xlpm.fin, INDEX(plan!$K:$K, $B55), _xlpm.existe, COUNTIFS( Tabla_Registro_Tareas_Agregada[Actividad], _xlpm.act, Tabla_Registro_Tareas_Agregada[Fecha], _xlpm.fecha ), IF(_xlpm.existe=0, 0, IF(AND(_xlpm.fecha>=_xlpm.ini, _xlpm.fecha<=_xlpm.fin), 1, -1)) )} -> 0 | ... AN56: {=_xlfn.LET( _xlpm.act, cronograma!$C55, _xlpm.fecha, cronograma!AN$4, _xlpm.ini, INDEX(plan!$J:$J, $B55), _xlpm.fin, INDEX(plan!$K:$K, $B55), _xlpm.existe, COUNTIFS( Tabla_Registro_Tareas_Agregada[Actividad], _xlpm.act, Tabla_Registro_Tareas_Agregada[Fecha], _xlpm.fecha ), IF(_xlpm.existe=0, 0, IF(AND(_xlpm.fecha>=_xlpm.ini, _xlpm.fecha<=_xlpm.fin), 1, -1)) )} -> 0
B57: =plan!B30 -> 30 | C57: =plan!C30 -> 0 | D57: {=INDEX(plan!$I:$I, $B57)} -> 0 | E57: {=INDEX(plan!$U:$U, $B57)} -> 0 | F57: {=IF(AND(F$4>=INDEX(plan!$J:$J, $B57), F$4<=INDEX(plan!$K:$K, $B57)),1,0)} -> 0 | G57: {=IF(AND(G$4>=INDEX(plan!$J:$J, $B57), G$4<=INDEX(plan!$K:$K, $B57)),1,0)} -> 0 | H57: {=IF(AND(H$4>=INDEX(plan!$J:$J, $B57), H$4<=INDEX(plan!$K:$K, $B57)),1,0)} -> 0 | I57: {=IF(AND(I$4>=INDEX(plan!$J:$J, $B57), I$4<=INDEX(plan!$K:$K, $B57)),1,0)} -> 0 | J57: {=IF(AND(J$4>=INDEX(plan!$J:$J, $B57), J$4<=INDEX(plan!$K:$K, $B57)),1,0)} -> 0 | K57: {=IF(AND(K$4>=INDEX(plan!$J:$J, $B57), K$4<=INDEX(plan!$K:$K, $B57)),1,0)} -> 0 | L57: {=IF(AND(L$4>=INDEX(plan!$J:$J, $B57), L$4<=INDEX(plan!$K:$K, $B57)),1,0)} -> 0 | M57: {=IF(AND(M$4>=INDEX(plan!$J:$J, $B57), M$4<=INDEX(plan!$K:$K, $B57)),1,0)} -> 0 | ... AN57: {=IF(AND(AN$4>=INDEX(plan!$J:$J, $B57), AN$4<=INDEX(plan!$K:$K, $B57)),1,0)} -> 0
F58: {=_xlfn.LET( _xlpm.act, cronograma!$C57, _xlpm.fecha, cronograma!F$4, _xlpm.ini, INDEX(plan!$J:$J, $B57), _xlpm.fin, INDEX(plan!$K:$K, $B57), _xlpm.existe, COUNTIFS( Tabla_Registro_Tareas_Agregada[Actividad], _xlpm.act, Tabla_Registro_Tareas_Agregada[Fecha], _xlpm.fecha ), IF(_xlpm.existe=0, 0, IF(AND(_xlpm.fecha>=_xlpm.ini, _xlpm.fecha<=_xlpm.fin), 1, -1)) )} -> 0 | G58: {=_xlfn.LET( _xlpm.act, cronograma!$C57, _xlpm.fecha, cronograma!G$4, _xlpm.ini, INDEX(plan!$J:$J, $B57), _xlpm.fin, INDEX(plan!$K:$K, $B57), _xlpm.existe, COUNTIFS( Tabla_Registro_Tareas_Agregada[Actividad], _xlpm.act, Tabla_Registro_Tareas_Agregada[Fecha], _xlpm.fecha ), IF(_xlpm.existe=0, 0, IF(AND(_xlpm.fecha>=_xlpm.ini, _xlpm.fecha<=_xlpm.fin), 1, -1)) )} -> 0 | H58: {=_xlfn.LET( _xlpm.act, cronograma!$C57, _xlpm.fecha, cronograma!H$4, _xlpm.ini, INDEX(plan!$J:$J, $B57), _xlpm.fin, INDEX(plan!$K:$K, $B57), _xlpm.existe, COUNTIFS( Tabla_Registro_Tareas_Agregada[Actividad], _xlpm.act, Tabla_Registro_Tareas_Agregada[Fecha], _xlpm.fecha ), IF(_xlpm.existe=0, 0, IF(AND(_xlpm.fecha>=_xlpm.ini, _xlpm.fecha<=_xlpm.fin), 1, -1)) )} -> 0 | I58: {=_xlfn.LET( _xlpm.act, cronograma!$C57, _xlpm.fecha, cronograma!I$4, _xlpm.ini, INDEX(plan!$J:$J, $B57), _xlpm.fin, INDEX(plan!$K:$K, $B57), _xlpm.existe, COUNTIFS( Tabla_Registro_Tareas_Agregada[Actividad], _xlpm.act, Tabla_Registro_Tareas_Agregada[Fecha], _xlpm.fecha ), IF(_xlpm.existe=0, 0, IF(AND(_xlpm.fecha>=_xlpm.ini, _xlpm.fecha<=_xlpm.fin), 1, -1)) )} -> 0 | J58: {=_xlfn.LET( _xlpm.act, cronograma!$C57, _xlpm.fecha, cronograma!J$4, _xlpm.ini, INDEX(plan!$J:$J, $B57), _xlpm.fin, INDEX(plan!$K:$K, $B57), _xlpm.existe, COUNTIFS( Tabla_Registro_Tareas_Agregada[Actividad], _xlpm.act, Tabla_Registro_Tareas_Agregada[Fecha], _xlpm.fecha ), IF(_xlpm.existe=0, 0, IF(AND(_xlpm.fecha>=_xlpm.ini, _xlpm.fecha<=_xlpm.fin), 1, -1)) )} -> 0 | K58: {=_xlfn.LET( _xlpm.act, cronograma!$C57, _xlpm.fecha, cronograma!K$4, _xlpm.ini, INDEX(plan!$J:$J, $B57), _xlpm.fin, INDEX(plan!$K:$K, $B57), _xlpm.existe, COUNTIFS( Tabla_Registro_Tareas_Agregada[Actividad], _xlpm.act, Tabla_Registro_Tareas_Agregada[Fecha], _xlpm.fecha ), IF(_xlpm.existe=0, 0, IF(AND(_xlpm.fecha>=_xlpm.ini, _xlpm.fecha<=_xlpm.fin), 1, -1)) )} -> 0 | L58: {=_xlfn.LET( _xlpm.act, cronograma!$C57, _xlpm.fecha, cronograma!L$4, _xlpm.ini, INDEX(plan!$J:$J, $B57), _xlpm.fin, INDEX(plan!$K:$K, $B57), _xlpm.existe, COUNTIFS( Tabla_Registro_Tareas_Agregada[Actividad], _xlpm.act, Tabla_Registro_Tareas_Agregada[Fecha], _xlpm.fecha ), IF(_xlpm.existe=0, 0, IF(AND(_xlpm.fecha>=_xlpm.ini, _xlpm.fecha<=_xlpm.fin), 1, -1)) )} -> 0 | M58: {=_xlfn.LET( _xlpm.act, cronograma!$C57, _xlpm.fecha, cronograma!M$4, _xlpm.ini, INDEX(plan!$J:$J, $B57), _xlpm.fin, INDEX(plan!$K:$K, $B57), _xlpm.existe, COUNTIFS( Tabla_Registro_Tareas_Agregada[Actividad], _xlpm.act, Tabla_Registro_Tareas_Agregada[Fecha], _xlpm.fecha ), IF(_xlpm.existe=0, 0, IF(AND(_xlpm.fecha>=_xlpm.ini, _xlpm.fecha<=_xlpm.fin), 1, -1)) )} -> 0 | ... AN58: {=_xlfn.LET( _xlpm.act, cronograma!$C57, _xlpm.fecha, cronograma!AN$4, _xlpm.ini, INDEX(plan!$J:$J, $B57), _xlpm.fin, INDEX(plan!$K:$K, $B57), _xlpm.existe, COUNTIFS( Tabla_Registro_Tareas_Agregada[Actividad], _xlpm.act, Tabla_Registro_Tareas_Agregada[Fecha], _xlpm.fecha ), IF(_xlpm.existe=0, 0, IF(AND(_xlpm.fecha>=_xlpm.ini, _xlpm.fecha<=_xlpm.fin), 1, -1)) )} -> 0
B59: =plan!B31 -> 31 | C59: =plan!C31 -> 0 | D59: {=INDEX(plan!$I:$I, $B59)} -> 0 | E59: {=INDEX(plan!$U:$U, $B59)} -> 0 | F59: {=IF(AND(F$4>=INDEX(plan!$J:$J, $B59), F$4<=INDEX(plan!$K:$K, $B59)),1,0)} -> 0 | G59: {=IF(AND(G$4>=INDEX(plan!$J:$J, $B59), G$4<=INDEX(plan!$K:$K, $B59)),1,0)} -> 0 | H59: {=IF(AND(H$4>=INDEX(plan!$J:$J, $B59), H$4<=INDEX(plan!$K:$K, $B59)),1,0)} -> 0 | I59: {=IF(AND(I$4>=INDEX(plan!$J:$J, $B59), I$4<=INDEX(plan!$K:$K, $B59)),1,0)} -> 0 | J59: {=IF(AND(J$4>=INDEX(plan!$J:$J, $B59), J$4<=INDEX(plan!$K:$K, $B59)),1,0)} -> 0 | K59: {=IF(AND(K$4>=INDEX(plan!$J:$J, $B59), K$4<=INDEX(plan!$K:$K, $B59)),1,0)} -> 0 | L59: {=IF(AND(L$4>=INDEX(plan!$J:$J, $B59), L$4<=INDEX(plan!$K:$K, $B59)),1,0)} -> 0 | M59: {=IF(AND(M$4>=INDEX(plan!$J:$J, $B59), M$4<=INDEX(plan!$K:$K, $B59)),1,0)} -> 0 | ... AN59: {=IF(AND(AN$4>=INDEX(plan!$J:$J, $B59), AN$4<=INDEX(plan!$K:$K, $B59)),1,0)} -> 0
F60: {=_xlfn.LET( _xlpm.act, cronograma!$C59, _xlpm.fecha, cronograma!F$4, _xlpm.ini, INDEX(plan!$J:$J, $B59), _xlpm.fin, INDEX(plan!$K:$K, $B59), _xlpm.existe, COUNTIFS( Tabla_Registro_Tareas_Agregada[Actividad], _xlpm.act, Tabla_Registro_Tareas_Agregada[Fecha], _xlpm.fecha ), IF(_xlpm.existe=0, 0, IF(AND(_xlpm.fecha>=_xlpm.ini, _xlpm.fecha<=_xlpm.fin), 1, -1)) )} -> 0 | G60: {=_xlfn.LET( _xlpm.act, cronograma!$C59, _xlpm.fecha, cronograma!G$4, _xlpm.ini, INDEX(plan!$J:$J, $B59), _xlpm.fin, INDEX(plan!$K:$K, $B59), _xlpm.existe, COUNTIFS( Tabla_Registro_Tareas_Agregada[Actividad], _xlpm.act, Tabla_Registro_Tareas_Agregada[Fecha], _xlpm.fecha ), IF(_xlpm.existe=0, 0, IF(AND(_xlpm.fecha>=_xlpm.ini, _xlpm.fecha<=_xlpm.fin), 1, -1)) )} -> 0 | H60: {=_xlfn.LET( _xlpm.act, cronograma!$C59, _xlpm.fecha, cronograma!H$4, _xlpm.ini, INDEX(plan!$J:$J, $B59), _xlpm.fin, INDEX(plan!$K:$K, $B59), _xlpm.existe, COUNTIFS( Tabla_Registro_Tareas_Agregada[Actividad], _xlpm.act, Tabla_Registro_Tareas_Agregada[Fecha], _xlpm.fecha ), IF(_xlpm.existe=0, 0, IF(AND(_xlpm.fecha>=_xlpm.ini, _xlpm.fecha<=_xlpm.fin), 1, -1)) )} -> 0 | I60: {=_xlfn.LET( _xlpm.act, cronograma!$C59, _xlpm.fecha, cronograma!I$4, _xlpm.ini, INDEX(plan!$J:$J, $B59), _xlpm.fin, INDEX(plan!$K:$K, $B59), _xlpm.existe, COUNTIFS( Tabla_Registro_Tareas_Agregada[Actividad], _xlpm.act, Tabla_Registro_Tareas_Agregada[Fecha], _xlpm.fecha ), IF(_xlpm.existe=0, 0, IF(AND(_xlpm.fecha>=_xlpm.ini, _xlpm.fecha<=_xlpm.fin), 1, -1)) )} -> 0 | J60: {=_xlfn.LET( _xlpm.act, cronograma!$C59, _xlpm.fecha, cronograma!J$4, _xlpm.ini, INDEX(plan!$J:$J, $B59), _xlpm.fin, INDEX(plan!$K:$K, $B59), _xlpm.existe, COUNTIFS( Tabla_Registro_Tareas_Agregada[Actividad], _xlpm.act, Tabla_Registro_Tareas_Agregada[Fecha], _xlpm.fecha ), IF(_xlpm.existe=0, 0, IF(AND(_xlpm.fecha>=_xlpm.ini, _xlpm.fecha<=_xlpm.fin), 1, -1)) )} -> 0 | K60: {=_xlfn.LET( _xlpm.act, cronograma!$C59, _xlpm.fecha, cronograma!K$4, _xlpm.ini, INDEX(plan!$J:$J, $B59), _xlpm.fin, INDEX(plan!$K:$K, $B59), _xlpm.existe, COUNTIFS( Tabla_Registro_Tareas_Agregada[Actividad], _xlpm.act, Tabla_Registro_Tareas_Agregada[Fecha], _xlpm.fecha ), IF(_xlpm.existe=0, 0, IF(AND(_xlpm.fecha>=_xlpm.ini, _xlpm.fecha<=_xlpm.fin), 1, -1)) )} -> 0 | L60: {=_xlfn.LET( _xlpm.act, cronograma!$C59, _xlpm.fecha, cronograma!L$4, _xlpm.ini, INDEX(plan!$J:$J, $B59), _xlpm.fin, INDEX(plan!$K:$K, $B59), _xlpm.existe, COUNTIFS( Tabla_Registro_Tareas_Agregada[Actividad], _xlpm.act, Tabla_Registro_Tareas_Agregada[Fecha], _xlpm.fecha ), IF(_xlpm.existe=0, 0, IF(AND(_xlpm.fecha>=_xlpm.ini, _xlpm.fecha<=_xlpm.fin), 1, -1)) )} -> 0 | M60: {=_xlfn.LET( _xlpm.act, cronograma!$C59, _xlpm.fecha, cronograma!M$4, _xlpm.ini, INDEX(plan!$J:$J, $B59), _xlpm.fin, INDEX(plan!$K:$K, $B59), _xlpm.existe, COUNTIFS( Tabla_Registro_Tareas_Agregada[Actividad], _xlpm.act, Tabla_Registro_Tareas_Agregada[Fecha], _xlpm.fecha ), IF(_xlpm.existe=0, 0, IF(AND(_xlpm.fecha>=_xlpm.ini, _xlpm.fecha<=_xlpm.fin), 1, -1)) )} -> 0 | ... AN60: {=_xlfn.LET( _xlpm.act, cronograma!$C59, _xlpm.fecha, cronograma!AN$4, _xlpm.ini, INDEX(plan!$J:$J, $B59), _xlpm.fin, INDEX(plan!$K:$K, $B59), _xlpm.existe, COUNTIFS( Tabla_Registro_Tareas_Agregada[Actividad], _xlpm.act, Tabla_Registro_Tareas_Agregada[Fecha], _xlpm.fecha ), IF(_xlpm.existe=0, 0, IF(AND(_xlpm.fecha>=_xlpm.ini, _xlpm.fecha<=_xlpm.fin), 1, -1)) )} -> 0
B61: =plan!B32 -> 32 | C61: =plan!C32 -> 0 | D61: {=INDEX(plan!$I:$I, $B61)} -> 0 | E61: {=INDEX(plan!$U:$U, $B61)} -> 0 | F61: {=IF(AND(F$4>=INDEX(plan!$J:$J, $B61), F$4<=INDEX(plan!$K:$K, $B61)),1,0)} -> 0 | G61: {=IF(AND(G$4>=INDEX(plan!$J:$J, $B61), G$4<=INDEX(plan!$K:$K, $B61)),1,0)} -> 0 | H61: {=IF(AND(H$4>=INDEX(plan!$J:$J, $B61), H$4<=INDEX(plan!$K:$K, $B61)),1,0)} -> 0 | I61: {=IF(AND(I$4>=INDEX(plan!$J:$J, $B61), I$4<=INDEX(plan!$K:$K, $B61)),1,0)} -> 0 | J61: {=IF(AND(J$4>=INDEX(plan!$J:$J, $B61), J$4<=INDEX(plan!$K:$K, $B61)),1,0)} -> 0 | K61: {=IF(AND(K$4>=INDEX(plan!$J:$J, $B61), K$4<=INDEX(plan!$K:$K, $B61)),1,0)} -> 0 | L61: {=IF(AND(L$4>=INDEX(plan!$J:$J, $B61), L$4<=INDEX(plan!$K:$K, $B61)),1,0)} -> 0 | M61: {=IF(AND(M$4>=INDEX(plan!$J:$J, $B61), M$4<=INDEX(plan!$K:$K, $B61)),1,0)} -> 0 | ... AN61: {=IF(AND(AN$4>=INDEX(plan!$J:$J, $B61), AN$4<=INDEX(plan!$K:$K, $B61)),1,0)} -> 0
F62: {=_xlfn.LET( _xlpm.act, cronograma!$C61, _xlpm.fecha, cronograma!F$4, _xlpm.ini, INDEX(plan!$J:$J, $B61), _xlpm.fin, INDEX(plan!$K:$K, $B61), _xlpm.existe, COUNTIFS( Tabla_Registro_Tareas_Agregada[Actividad], _xlpm.act, Tabla_Registro_Tareas_Agregada[Fecha], _xlpm.fecha ), IF(_xlpm.existe=0, 0, IF(AND(_xlpm.fecha>=_xlpm.ini, _xlpm.fecha<=_xlpm.fin), 1, -1)) )} -> 0 | G62: {=_xlfn.LET( _xlpm.act, cronograma!$C61, _xlpm.fecha, cronograma!G$4, _xlpm.ini, INDEX(plan!$J:$J, $B61), _xlpm.fin, INDEX(plan!$K:$K, $B61), _xlpm.existe, COUNTIFS( Tabla_Registro_Tareas_Agregada[Actividad], _xlpm.act, Tabla_Registro_Tareas_Agregada[Fecha], _xlpm.fecha ), IF(_xlpm.existe=0, 0, IF(AND(_xlpm.fecha>=_xlpm.ini, _xlpm.fecha<=_xlpm.fin), 1, -1)) )} -> 0 | H62: {=_xlfn.LET( _xlpm.act, cronograma!$C61, _xlpm.fecha, cronograma!H$4, _xlpm.ini, INDEX(plan!$J:$J, $B61), _xlpm.fin, INDEX(plan!$K:$K, $B61), _xlpm.existe, COUNTIFS( Tabla_Registro_Tareas_Agregada[Actividad], _xlpm.act, Tabla_Registro_Tareas_Agregada[Fecha], _xlpm.fecha ), IF(_xlpm.existe=0, 0, IF(AND(_xlpm.fecha>=_xlpm.ini, _xlpm.fecha<=_xlpm.fin), 1, -1)) )} -> 0 | I62: {=_xlfn.LET( _xlpm.act, cronograma!$C61, _xlpm.fecha, cronograma!I$4, _xlpm.ini, INDEX(plan!$J:$J, $B61), _xlpm.fin, INDEX(plan!$K:$K, $B61), _xlpm.existe, COUNTIFS( Tabla_Registro_Tareas_Agregada[Actividad], _xlpm.act, Tabla_Registro_Tareas_Agregada[Fecha], _xlpm.fecha ), IF(_xlpm.existe=0, 0, IF(AND(_xlpm.fecha>=_xlpm.ini, _xlpm.fecha<=_xlpm.fin), 1, -1)) )} -> 0 | J62: {=_xlfn.LET( _xlpm.act, cronograma!$C61, _xlpm.fecha, cronograma!J$4, _xlpm.ini, INDEX(plan!$J:$J, $B61), _xlpm.fin, INDEX(plan!$K:$K, $B61), _xlpm.existe, COUNTIFS( Tabla_Registro_Tareas_Agregada[Actividad], _xlpm.act, Tabla_Registro_Tareas_Agregada[Fecha], _xlpm.fecha ), IF(_xlpm.existe=0, 0, IF(AND(_xlpm.fecha>=_xlpm.ini, _xlpm.fecha<=_xlpm.fin), 1, -1)) )} -> 0 | K62: {=_xlfn.LET( _xlpm.act, cronograma!$C61, _xlpm.fecha, cronograma!K$4, _xlpm.ini, INDEX(plan!$J:$J, $B61), _xlpm.fin, INDEX(plan!$K:$K, $B61), _xlpm.existe, COUNTIFS( Tabla_Registro_Tareas_Agregada[Actividad], _xlpm.act, Tabla_Registro_Tareas_Agregada[Fecha], _xlpm.fecha ), IF(_xlpm.existe=0, 0, IF(AND(_xlpm.fecha>=_xlpm.ini, _xlpm.fecha<=_xlpm.fin), 1, -1)) )} -> 0 | L62: {=_xlfn.LET( _xlpm.act, cronograma!$C61, _xlpm.fecha, cronograma!L$4, _xlpm.ini, INDEX(plan!$J:$J, $B61), _xlpm.fin, INDEX(plan!$K:$K, $B61), _xlpm.existe, COUNTIFS( Tabla_Registro_Tareas_Agregada[Actividad], _xlpm.act, Tabla_Registro_Tareas_Agregada[Fecha], _xlpm.fecha ), IF(_xlpm.existe=0, 0, IF(AND(_xlpm.fecha>=_xlpm.ini, _xlpm.fecha<=_xlpm.fin), 1, -1)) )} -> 0 | M62: {=_xlfn.LET( _xlpm.act, cronograma!$C61, _xlpm.fecha, cronograma!M$4, _xlpm.ini, INDEX(plan!$J:$J, $B61), _xlpm.fin, INDEX(plan!$K:$K, $B61), _xlpm.existe, COUNTIFS( Tabla_Registro_Tareas_Agregada[Actividad], _xlpm.act, Tabla_Registro_Tareas_Agregada[Fecha], _xlpm.fecha ), IF(_xlpm.existe=0, 0, IF(AND(_xlpm.fecha>=_xlpm.ini, _xlpm.fecha<=_xlpm.fin), 1, -1)) )} -> 0 | ... AN62: {=_xlfn.LET( _xlpm.act, cronograma!$C61, _xlpm.fecha, cronograma!AN$4, _xlpm.ini, INDEX(plan!$J:$J, $B61), _xlpm.fin, INDEX(plan!$K:$K, $B61), _xlpm.existe, COUNTIFS( Tabla_Registro_Tareas_Agregada[Actividad], _xlpm.act, Tabla_Registro_Tareas_Agregada[Fecha], _xlpm.fecha ), IF(_xlpm.existe=0, 0, IF(AND(_xlpm.fecha>=_xlpm.ini, _xlpm.fecha<=_xlpm.fin), 1, -1)) )} -> 0
B63: =plan!B33 -> 33 | C63: =plan!C33 -> 0 | D63: {=INDEX(plan!$I:$I, $B63)} -> 0 | E63: {=INDEX(plan!$U:$U, $B63)} -> 0 | F63: {=IF(AND(F$4>=INDEX(plan!$J:$J, $B63), F$4<=INDEX(plan!$K:$K, $B63)),1,0)} -> 0 | G63: {=IF(AND(G$4>=INDEX(plan!$J:$J, $B63), G$4<=INDEX(plan!$K:$K, $B63)),1,0)} -> 0 | H63: {=IF(AND(H$4>=INDEX(plan!$J:$J, $B63), H$4<=INDEX(plan!$K:$K, $B63)),1,0)} -> 0 | I63: {=IF(AND(I$4>=INDEX(plan!$J:$J, $B63), I$4<=INDEX(plan!$K:$K, $B63)),1,0)} -> 0 | J63: {=IF(AND(J$4>=INDEX(plan!$J:$J, $B63), J$4<=INDEX(plan!$K:$K, $B63)),1,0)} -> 0 | K63: {=IF(AND(K$4>=INDEX(plan!$J:$J, $B63), K$4<=INDEX(plan!$K:$K, $B63)),1,0)} -> 0 | L63: {=IF(AND(L$4>=INDEX(plan!$J:$J, $B63), L$4<=INDEX(plan!$K:$K, $B63)),1,0)} -> 0 | M63: {=IF(AND(M$4>=INDEX(plan!$J:$J, $B63), M$4<=INDEX(plan!$K:$K, $B63)),1,0)} -> 0 | ... AN63: {=IF(AND(AN$4>=INDEX(plan!$J:$J, $B63), AN$4<=INDEX(plan!$K:$K, $B63)),1,0)} -> 0
F64: {=_xlfn.LET( _xlpm.act, cronograma!$C63, _xlpm.fecha, cronograma!F$4, _xlpm.ini, INDEX(plan!$J:$J, $B63), _xlpm.fin, INDEX(plan!$K:$K, $B63), _xlpm.existe, COUNTIFS( Tabla_Registro_Tareas_Agregada[Actividad], _xlpm.act, Tabla_Registro_Tareas_Agregada[Fecha], _xlpm.fecha ), IF(_xlpm.existe=0, 0, IF(AND(_xlpm.fecha>=_xlpm.ini, _xlpm.fecha<=_xlpm.fin), 1, -1)) )} -> 0 | G64: {=_xlfn.LET( _xlpm.act, cronograma!$C63, _xlpm.fecha, cronograma!G$4, _xlpm.ini, INDEX(plan!$J:$J, $B63), _xlpm.fin, INDEX(plan!$K:$K, $B63), _xlpm.existe, COUNTIFS( Tabla_Registro_Tareas_Agregada[Actividad], _xlpm.act, Tabla_Registro_Tareas_Agregada[Fecha], _xlpm.fecha ), IF(_xlpm.existe=0, 0, IF(AND(_xlpm.fecha>=_xlpm.ini, _xlpm.fecha<=_xlpm.fin), 1, -1)) )} -> 0 | H64: {=_xlfn.LET( _xlpm.act, cronograma!$C63, _xlpm.fecha, cronograma!H$4, _xlpm.ini, INDEX(plan!$J:$J, $B63), _xlpm.fin, INDEX(plan!$K:$K, $B63), _xlpm.existe, COUNTIFS( Tabla_Registro_Tareas_Agregada[Actividad], _xlpm.act, Tabla_Registro_Tareas_Agregada[Fecha], _xlpm.fecha ), IF(_xlpm.existe=0, 0, IF(AND(_xlpm.fecha>=_xlpm.ini, _xlpm.fecha<=_xlpm.fin), 1, -1)) )} -> 0 | I64: {=_xlfn.LET( _xlpm.act, cronograma!$C63, _xlpm.fecha, cronograma!I$4, _xlpm.ini, INDEX(plan!$J:$J, $B63), _xlpm.fin, INDEX(plan!$K:$K, $B63), _xlpm.existe, COUNTIFS( Tabla_Registro_Tareas_Agregada[Actividad], _xlpm.act, Tabla_Registro_Tareas_Agregada[Fecha], _xlpm.fecha ), IF(_xlpm.existe=0, 0, IF(AND(_xlpm.fecha>=_xlpm.ini, _xlpm.fecha<=_xlpm.fin), 1, -1)) )} -> 0 | J64: {=_xlfn.LET( _xlpm.act, cronograma!$C63, _xlpm.fecha, cronograma!J$4, _xlpm.ini, INDEX(plan!$J:$J, $B63), _xlpm.fin, INDEX(plan!$K:$K, $B63), _xlpm.existe, COUNTIFS( Tabla_Registro_Tareas_Agregada[Actividad], _xlpm.act, Tabla_Registro_Tareas_Agregada[Fecha], _xlpm.fecha ), IF(_xlpm.existe=0, 0, IF(AND(_xlpm.fecha>=_xlpm.ini, _xlpm.fecha<=_xlpm.fin), 1, -1)) )} -> 0 | K64: {=_xlfn.LET( _xlpm.act, cronograma!$C63, _xlpm.fecha, cronograma!K$4, _xlpm.ini, INDEX(plan!$J:$J, $B63), _xlpm.fin, INDEX(plan!$K:$K, $B63), _xlpm.existe, COUNTIFS( Tabla_Registro_Tareas_Agregada[Actividad], _xlpm.act, Tabla_Registro_Tareas_Agregada[Fecha], _xlpm.fecha ), IF(_xlpm.existe=0, 0, IF(AND(_xlpm.fecha>=_xlpm.ini, _xlpm.fecha<=_xlpm.fin), 1, -1)) )} -> 0 | L64: {=_xlfn.LET( _xlpm.act, cronograma!$C63, _xlpm.fecha, cronograma!L$4, _xlpm.ini, INDEX(plan!$J:$J, $B63), _xlpm.fin, INDEX(plan!$K:$K, $B63), _xlpm.existe, COUNTIFS( Tabla_Registro_Tareas_Agregada[Actividad], _xlpm.act, Tabla_Registro_Tareas_Agregada[Fecha], _xlpm.fecha ), IF(_xlpm.existe=0, 0, IF(AND(_xlpm.fecha>=_xlpm.ini, _xlpm.fecha<=_xlpm.fin), 1, -1)) )} -> 0 | M64: {=_xlfn.LET( _xlpm.act, cronograma!$C63, _xlpm.fecha, cronograma!M$4, _xlpm.ini, INDEX(plan!$J:$J, $B63), _xlpm.fin, INDEX(plan!$K:$K, $B63), _xlpm.existe, COUNTIFS( Tabla_Registro_Tareas_Agregada[Actividad], _xlpm.act, Tabla_Registro_Tareas_Agregada[Fecha], _xlpm.fecha ), IF(_xlpm.existe=0, 0, IF(AND(_xlpm.fecha>=_xlpm.ini, _xlpm.fecha<=_xlpm.fin), 1, -1)) )} -> 0 | ... AN64: {=_xlfn.LET( _xlpm.act, cronograma!$C63, _xlpm.fecha, cronograma!AN$4, _xlpm.ini, INDEX(plan!$J:$J, $B63), _xlpm.fin, INDEX(plan!$K:$K, $B63), _xlpm.existe, COUNTIFS( Tabla_Registro_Tareas_Agregada[Actividad], _xlpm.act, Tabla_Registro_Tareas_Agregada[Fecha], _xlpm.fecha ), IF(_xlpm.existe=0, 0, IF(AND(_xlpm.fecha>=_xlpm.ini, _xlpm.fecha<=_xlpm.fin), 1, -1)) )} -> 0
B65: =plan!B34 -> 34 | C65: =plan!C34 -> 0 | D65: {=INDEX(plan!$I:$I, $B65)} -> 0 | E65: {=INDEX(plan!$U:$U, $B65)} -> 0 | F65: {=IF(AND(F$4>=INDEX(plan!$J:$J, $B65), F$4<=INDEX(plan!$K:$K, $B65)),1,0)} -> 0 | G65: {=IF(AND(G$4>=INDEX(plan!$J:$J, $B65), G$4<=INDEX(plan!$K:$K, $B65)),1,0)} -> 0 | H65: {=IF(AND(H$4>=INDEX(plan!$J:$J, $B65), H$4<=INDEX(plan!$K:$K, $B65)),1,0)} -> 0 | I65: {=IF(AND(I$4>=INDEX(plan!$J:$J, $B65), I$4<=INDEX(plan!$K:$K, $B65)),1,0)} -> 0 | J65: {=IF(AND(J$4>=INDEX(plan!$J:$J, $B65), J$4<=INDEX(plan!$K:$K, $B65)),1,0)} -> 0 | K65: {=IF(AND(K$4>=INDEX(plan!$J:$J, $B65), K$4<=INDEX(plan!$K:$K, $B65)),1,0)} -> 0 | L65: {=IF(AND(L$4>=INDEX(plan!$J:$J, $B65), L$4<=INDEX(plan!$K:$K, $B65)),1,0)} -> 0 | M65: {=IF(AND(M$4>=INDEX(plan!$J:$J, $B65), M$4<=INDEX(plan!$K:$K, $B65)),1,0)} -> 0 | ... AN65: {=IF(AND(AN$4>=INDEX(plan!$J:$J, $B65), AN$4<=INDEX(plan!$K:$K, $B65)),1,0)} -> 0
F66: {=_xlfn.LET( _xlpm.act, cronograma!$C65, _xlpm.fecha, cronograma!F$4, _xlpm.ini, INDEX(plan!$J:$J, $B65), _xlpm.fin, INDEX(plan!$K:$K, $B65), _xlpm.existe, COUNTIFS( Tabla_Registro_Tareas_Agregada[Actividad], _xlpm.act, Tabla_Registro_Tareas_Agregada[Fecha], _xlpm.fecha ), IF(_xlpm.existe=0, 0, IF(AND(_xlpm.fecha>=_xlpm.ini, _xlpm.fecha<=_xlpm.fin), 1, -1)) )} -> 0 | G66: {=_xlfn.LET( _xlpm.act, cronograma!$C65, _xlpm.fecha, cronograma!G$4, _xlpm.ini, INDEX(plan!$J:$J, $B65), _xlpm.fin, INDEX(plan!$K:$K, $B65), _xlpm.existe, COUNTIFS( Tabla_Registro_Tareas_Agregada[Actividad], _xlpm.act, Tabla_Registro_Tareas_Agregada[Fecha], _xlpm.fecha ), IF(_xlpm.existe=0, 0, IF(AND(_xlpm.fecha>=_xlpm.ini, _xlpm.fecha<=_xlpm.fin), 1, -1)) )} -> 0 | H66: {=_xlfn.LET( _xlpm.act, cronograma!$C65, _xlpm.fecha, cronograma!H$4, _xlpm.ini, INDEX(plan!$J:$J, $B65), _xlpm.fin, INDEX(plan!$K:$K, $B65), _xlpm.existe, COUNTIFS( Tabla_Registro_Tareas_Agregada[Actividad], _xlpm.act, Tabla_Registro_Tareas_Agregada[Fecha], _xlpm.fecha ), IF(_xlpm.existe=0, 0, IF(AND(_xlpm.fecha>=_xlpm.ini, _xlpm.fecha<=_xlpm.fin), 1, -1)) )} -> 0 | I66: {=_xlfn.LET( _xlpm.act, cronograma!$C65, _xlpm.fecha, cronograma!I$4, _xlpm.ini, INDEX(plan!$J:$J, $B65), _xlpm.fin, INDEX(plan!$K:$K, $B65), _xlpm.existe, COUNTIFS( Tabla_Registro_Tareas_Agregada[Actividad], _xlpm.act, Tabla_Registro_Tareas_Agregada[Fecha], _xlpm.fecha ), IF(_xlpm.existe=0, 0, IF(AND(_xlpm.fecha>=_xlpm.ini, _xlpm.fecha<=_xlpm.fin), 1, -1)) )} -> 0 | J66: {=_xlfn.LET( _xlpm.act, cronograma!$C65, _xlpm.fecha, cronograma!J$4, _xlpm.ini, INDEX(plan!$J:$J, $B65), _xlpm.fin, INDEX(plan!$K:$K, $B65), _xlpm.existe, COUNTIFS( Tabla_Registro_Tareas_Agregada[Actividad], _xlpm.act, Tabla_Registro_Tareas_Agregada[Fecha], _xlpm.fecha ), IF(_xlpm.existe=0, 0, IF(AND(_xlpm.fecha>=_xlpm.ini, _xlpm.fecha<=_xlpm.fin), 1, -1)) )} -> 0 | K66: {=_xlfn.LET( _xlpm.act, cronograma!$C65, _xlpm.fecha, cronograma!K$4, _xlpm.ini, INDEX(plan!$J:$J, $B65), _xlpm.fin, INDEX(plan!$K:$K, $B65), _xlpm.existe, COUNTIFS( Tabla_Registro_Tareas_Agregada[Actividad], _xlpm.act, Tabla_Registro_Tareas_Agregada[Fecha], _xlpm.fecha ), IF(_xlpm.existe=0, 0, IF(AND(_xlpm.fecha>=_xlpm.ini, _xlpm.fecha<=_xlpm.fin), 1, -1)) )} -> 0 | L66: {=_xlfn.LET( _xlpm.act, cronograma!$C65, _xlpm.fecha, cronograma!L$4, _xlpm.ini, INDEX(plan!$J:$J, $B65), _xlpm.fin, INDEX(plan!$K:$K, $B65), _xlpm.existe, COUNTIFS( Tabla_Registro_Tareas_Agregada[Actividad], _xlpm.act, Tabla_Registro_Tareas_Agregada[Fecha], _xlpm.fecha ), IF(_xlpm.existe=0, 0, IF(AND(_xlpm.fecha>=_xlpm.ini, _xlpm.fecha<=_xlpm.fin), 1, -1)) )} -> 0 | M66: {=_xlfn.LET( _xlpm.act, cronograma!$C65, _xlpm.fecha, cronograma!M$4, _xlpm.ini, INDEX(plan!$J:$J, $B65), _xlpm.fin, INDEX(plan!$K:$K, $B65), _xlpm.existe, COUNTIFS( Tabla_Registro_Tareas_Agregada[Actividad], _xlpm.act, Tabla_Registro_Tareas_Agregada[Fecha], _xlpm.fecha ), IF(_xlpm.existe=0, 0, IF(AND(_xlpm.fecha>=_xlpm.ini, _xlpm.fecha<=_xlpm.fin), 1, -1)) )} -> 0 | ... AN66: {=_xlfn.LET( _xlpm.act, cronograma!$C65, _xlpm.fecha, cronograma!AN$4, _xlpm.ini, INDEX(plan!$J:$J, $B65), _xlpm.fin, INDEX(plan!$K:$K, $B65), _xlpm.existe, COUNTIFS( Tabla_Registro_Tareas_Agregada[Actividad], _xlpm.act, Tabla_Registro_Tareas_Agregada[Fecha], _xlpm.fecha ), IF(_xlpm.existe=0, 0, IF(AND(_xlpm.fecha>=_xlpm.ini, _xlpm.fecha<=_xlpm.fin), 1, -1)) )} -> 0
B67: =plan!B35 -> 35 | C67: =plan!C35 -> 0 | D67: {=INDEX(plan!$I:$I, $B67)} -> 0 | E67: {=INDEX(plan!$U:$U, $B67)} -> 0 | F67: {=IF(AND(F$4>=INDEX(plan!$J:$J, $B67), F$4<=INDEX(plan!$K:$K, $B67)),1,0)} -> 0 | G67: {=IF(AND(G$4>=INDEX(plan!$J:$J, $B67), G$4<=INDEX(plan!$K:$K, $B67)),1,0)} -> 0 | H67: {=IF(AND(H$4>=INDEX(plan!$J:$J, $B67), H$4<=INDEX(plan!$K:$K, $B67)),1,0)} -> 0 | I67: {=IF(AND(I$4>=INDEX(plan!$J:$J, $B67), I$4<=INDEX(plan!$K:$K, $B67)),1,0)} -> 0 | J67: {=IF(AND(J$4>=INDEX(plan!$J:$J, $B67), J$4<=INDEX(plan!$K:$K, $B67)),1,0)} -> 0 | K67: {=IF(AND(K$4>=INDEX(plan!$J:$J, $B67), K$4<=INDEX(plan!$K:$K, $B67)),1,0)} -> 0 | L67: {=IF(AND(L$4>=INDEX(plan!$J:$J, $B67), L$4<=INDEX(plan!$K:$K, $B67)),1,0)} -> 0 | M67: {=IF(AND(M$4>=INDEX(plan!$J:$J, $B67), M$4<=INDEX(plan!$K:$K, $B67)),1,0)} -> 0 | ... AN67: {=IF(AND(AN$4>=INDEX(plan!$J:$J, $B67), AN$4<=INDEX(plan!$K:$K, $B67)),1,0)} -> 0
F68: {=_xlfn.LET( _xlpm.act, cronograma!$C67, _xlpm.fecha, cronograma!F$4, _xlpm.ini, INDEX(plan!$J:$J, $B67), _xlpm.fin, INDEX(plan!$K:$K, $B67), _xlpm.existe, COUNTIFS( Tabla_Registro_Tareas_Agregada[Actividad], _xlpm.act, Tabla_Registro_Tareas_Agregada[Fecha], _xlpm.fecha ), IF(_xlpm.existe=0, 0, IF(AND(_xlpm.fecha>=_xlpm.ini, _xlpm.fecha<=_xlpm.fin), 1, -1)) )} -> 0 | G68: {=_xlfn.LET( _xlpm.act, cronograma!$C67, _xlpm.fecha, cronograma!G$4, _xlpm.ini, INDEX(plan!$J:$J, $B67), _xlpm.fin, INDEX(plan!$K:$K, $B67), _xlpm.existe, COUNTIFS( Tabla_Registro_Tareas_Agregada[Actividad], _xlpm.act, Tabla_Registro_Tareas_Agregada[Fecha], _xlpm.fecha ), IF(_xlpm.existe=0, 0, IF(AND(_xlpm.fecha>=_xlpm.ini, _xlpm.fecha<=_xlpm.fin), 1, -1)) )} -> 0 | H68: {=_xlfn.LET( _xlpm.act, cronograma!$C67, _xlpm.fecha, cronograma!H$4, _xlpm.ini, INDEX(plan!$J:$J, $B67), _xlpm.fin, INDEX(plan!$K:$K, $B67), _xlpm.existe, COUNTIFS( Tabla_Registro_Tareas_Agregada[Actividad], _xlpm.act, Tabla_Registro_Tareas_Agregada[Fecha], _xlpm.fecha ), IF(_xlpm.existe=0, 0, IF(AND(_xlpm.fecha>=_xlpm.ini, _xlpm.fecha<=_xlpm.fin), 1, -1)) )} -> 0 | I68: {=_xlfn.LET( _xlpm.act, cronograma!$C67, _xlpm.fecha, cronograma!I$4, _xlpm.ini, INDEX(plan!$J:$J, $B67), _xlpm.fin, INDEX(plan!$K:$K, $B67), _xlpm.existe, COUNTIFS( Tabla_Registro_Tareas_Agregada[Actividad], _xlpm.act, Tabla_Registro_Tareas_Agregada[Fecha], _xlpm.fecha ), IF(_xlpm.existe=0, 0, IF(AND(_xlpm.fecha>=_xlpm.ini, _xlpm.fecha<=_xlpm.fin), 1, -1)) )} -> 0 | J68: {=_xlfn.LET( _xlpm.act, cronograma!$C67, _xlpm.fecha, cronograma!J$4, _xlpm.ini, INDEX(plan!$J:$J, $B67), _xlpm.fin, INDEX(plan!$K:$K, $B67), _xlpm.existe, COUNTIFS( Tabla_Registro_Tareas_Agregada[Actividad], _xlpm.act, Tabla_Registro_Tareas_Agregada[Fecha], _xlpm.fecha ), IF(_xlpm.existe=0, 0, IF(AND(_xlpm.fecha>=_xlpm.ini, _xlpm.fecha<=_xlpm.fin), 1, -1)) )} -> 0 | K68: {=_xlfn.LET( _xlpm.act, cronograma!$C67, _xlpm.fecha, cronograma!K$4, _xlpm.ini, INDEX(plan!$J:$J, $B67), _xlpm.fin, INDEX(plan!$K:$K, $B67), _xlpm.existe, COUNTIFS( Tabla_Registro_Tareas_Agregada[Actividad], _xlpm.act, Tabla_Registro_Tareas_Agregada[Fecha], _xlpm.fecha ), IF(_xlpm.existe=0, 0, IF(AND(_xlpm.fecha>=_xlpm.ini, _xlpm.fecha<=_xlpm.fin), 1, -1)) )} -> 0 | L68: {=_xlfn.LET( _xlpm.act, cronograma!$C67, _xlpm.fecha, cronograma!L$4, _xlpm.ini, INDEX(plan!$J:$J, $B67), _xlpm.fin, INDEX(plan!$K:$K, $B67), _xlpm.existe, COUNTIFS( Tabla_Registro_Tareas_Agregada[Actividad], _xlpm.act, Tabla_Registro_Tareas_Agregada[Fecha], _xlpm.fecha ), IF(_xlpm.existe=0, 0, IF(AND(_xlpm.fecha>=_xlpm.ini, _xlpm.fecha<=_xlpm.fin), 1, -1)) )} -> 0 | M68: {=_xlfn.LET( _xlpm.act, cronograma!$C67, _xlpm.fecha, cronograma!M$4, _xlpm.ini, INDEX(plan!$J:$J, $B67), _xlpm.fin, INDEX(plan!$K:$K, $B67), _xlpm.existe, COUNTIFS( Tabla_Registro_Tareas_Agregada[Actividad], _xlpm.act, Tabla_Registro_Tareas_Agregada[Fecha], _xlpm.fecha ), IF(_xlpm.existe=0, 0, IF(AND(_xlpm.fecha>=_xlpm.ini, _xlpm.fecha<=_xlpm.fin), 1, -1)) )} -> 0 | ... AN68: {=_xlfn.LET( _xlpm.act, cronograma!$C67, _xlpm.fecha, cronograma!AN$4, _xlpm.ini, INDEX(plan!$J:$J, $B67), _xlpm.fin, INDEX(plan!$K:$K, $B67), _xlpm.existe, COUNTIFS( Tabla_Registro_Tareas_Agregada[Actividad], _xlpm.act, Tabla_Registro_Tareas_Agregada[Fecha], _xlpm.fecha ), IF(_xlpm.existe=0, 0, IF(AND(_xlpm.fecha>=_xlpm.ini, _xlpm.fecha<=_xlpm.fin), 1, -1)) )} -> 0
B69: =plan!B36 -> 36 | C69: =plan!C36 -> 0 | D69: {=INDEX(plan!$I:$I, $B69)} -> 0 | E69: {=INDEX(plan!$U:$U, $B69)} -> 0 | F69: {=IF(AND(F$4>=INDEX(plan!$J:$J, $B69), F$4<=INDEX(plan!$K:$K, $B69)),1,0)} -> 0 | G69: {=IF(AND(G$4>=INDEX(plan!$J:$J, $B69), G$4<=INDEX(plan!$K:$K, $B69)),1,0)} -> 0 | H69: {=IF(AND(H$4>=INDEX(plan!$J:$J, $B69), H$4<=INDEX(plan!$K:$K, $B69)),1,0)} -> 0 | I69: {=IF(AND(I$4>=INDEX(plan!$J:$J, $B69), I$4<=INDEX(plan!$K:$K, $B69)),1,0)} -> 0 | J69: {=IF(AND(J$4>=INDEX(plan!$J:$J, $B69), J$4<=INDEX(plan!$K:$K, $B69)),1,0)} -> 0 | K69: {=IF(AND(K$4>=INDEX(plan!$J:$J, $B69), K$4<=INDEX(plan!$K:$K, $B69)),1,0)} -> 0 | L69: {=IF(AND(L$4>=INDEX(plan!$J:$J, $B69), L$4<=INDEX(plan!$K:$K, $B69)),1,0)} -> 0 | M69: {=IF(AND(M$4>=INDEX(plan!$J:$J, $B69), M$4<=INDEX(plan!$K:$K, $B69)),1,0)} -> 0 | ... AN69: {=IF(AND(AN$4>=INDEX(plan!$J:$J, $B69), AN$4<=INDEX(plan!$K:$K, $B69)),1,0)} -> 0
F70: {=_xlfn.LET( _xlpm.act, cronograma!$C69, _xlpm.fecha, cronograma!F$4, _xlpm.ini, INDEX(plan!$J:$J, $B69), _xlpm.fin, INDEX(plan!$K:$K, $B69), _xlpm.existe, COUNTIFS( Tabla_Registro_Tareas_Agregada[Actividad], _xlpm.act, Tabla_Registro_Tareas_Agregada[Fecha], _xlpm.fecha ), IF(_xlpm.existe=0, 0, IF(AND(_xlpm.fecha>=_xlpm.ini, _xlpm.fecha<=_xlpm.fin), 1, -1)) )} -> 0 | G70: {=_xlfn.LET( _xlpm.act, cronograma!$C69, _xlpm.fecha, cronograma!G$4, _xlpm.ini, INDEX(plan!$J:$J, $B69), _xlpm.fin, INDEX(plan!$K:$K, $B69), _xlpm.existe, COUNTIFS( Tabla_Registro_Tareas_Agregada[Actividad], _xlpm.act, Tabla_Registro_Tareas_Agregada[Fecha], _xlpm.fecha ), IF(_xlpm.existe=0, 0, IF(AND(_xlpm.fecha>=_xlpm.ini, _xlpm.fecha<=_xlpm.fin), 1, -1)) )} -> 0 | H70: {=_xlfn.LET( _xlpm.act, cronograma!$C69, _xlpm.fecha, cronograma!H$4, _xlpm.ini, INDEX(plan!$J:$J, $B69), _xlpm.fin, INDEX(plan!$K:$K, $B69), _xlpm.existe, COUNTIFS( Tabla_Registro_Tareas_Agregada[Actividad], _xlpm.act, Tabla_Registro_Tareas_Agregada[Fecha], _xlpm.fecha ), IF(_xlpm.existe=0, 0, IF(AND(_xlpm.fecha>=_xlpm.ini, _xlpm.fecha<=_xlpm.fin), 1, -1)) )} -> 0 | I70: {=_xlfn.LET( _xlpm.act, cronograma!$C69, _xlpm.fecha, cronograma!I$4, _xlpm.ini, INDEX(plan!$J:$J, $B69), _xlpm.fin, INDEX(plan!$K:$K, $B69), _xlpm.existe, COUNTIFS( Tabla_Registro_Tareas_Agregada[Actividad], _xlpm.act, Tabla_Registro_Tareas_Agregada[Fecha], _xlpm.fecha ), IF(_xlpm.existe=0, 0, IF(AND(_xlpm.fecha>=_xlpm.ini, _xlpm.fecha<=_xlpm.fin), 1, -1)) )} -> 0 | J70: {=_xlfn.LET( _xlpm.act, cronograma!$C69, _xlpm.fecha, cronograma!J$4, _xlpm.ini, INDEX(plan!$J:$J, $B69), _xlpm.fin, INDEX(plan!$K:$K, $B69), _xlpm.existe, COUNTIFS( Tabla_Registro_Tareas_Agregada[Actividad], _xlpm.act, Tabla_Registro_Tareas_Agregada[Fecha], _xlpm.fecha ), IF(_xlpm.existe=0, 0, IF(AND(_xlpm.fecha>=_xlpm.ini, _xlpm.fecha<=_xlpm.fin), 1, -1)) )} -> 0 | K70: {=_xlfn.LET( _xlpm.act, cronograma!$C69, _xlpm.fecha, cronograma!K$4, _xlpm.ini, INDEX(plan!$J:$J, $B69), _xlpm.fin, INDEX(plan!$K:$K, $B69), _xlpm.existe, COUNTIFS( Tabla_Registro_Tareas_Agregada[Actividad], _xlpm.act, Tabla_Registro_Tareas_Agregada[Fecha], _xlpm.fecha ), IF(_xlpm.existe=0, 0, IF(AND(_xlpm.fecha>=_xlpm.ini, _xlpm.fecha<=_xlpm.fin), 1, -1)) )} -> 0 | L70: {=_xlfn.LET( _xlpm.act, cronograma!$C69, _xlpm.fecha, cronograma!L$4, _xlpm.ini, INDEX(plan!$J:$J, $B69), _xlpm.fin, INDEX(plan!$K:$K, $B69), _xlpm.existe, COUNTIFS( Tabla_Registro_Tareas_Agregada[Actividad], _xlpm.act, Tabla_Registro_Tareas_Agregada[Fecha], _xlpm.fecha ), IF(_xlpm.existe=0, 0, IF(AND(_xlpm.fecha>=_xlpm.ini, _xlpm.fecha<=_xlpm.fin), 1, -1)) )} -> 0 | M70: {=_xlfn.LET( _xlpm.act, cronograma!$C69, _xlpm.fecha, cronograma!M$4, _xlpm.ini, INDEX(plan!$J:$J, $B69), _xlpm.fin, INDEX(plan!$K:$K, $B69), _xlpm.existe, COUNTIFS( Tabla_Registro_Tareas_Agregada[Actividad], _xlpm.act, Tabla_Registro_Tareas_Agregada[Fecha], _xlpm.fecha ), IF(_xlpm.existe=0, 0, IF(AND(_xlpm.fecha>=_xlpm.ini, _xlpm.fecha<=_xlpm.fin), 1, -1)) )} -> 0 | ... AN70: {=_xlfn.LET( _xlpm.act, cronograma!$C69, _xlpm.fecha, cronograma!AN$4, _xlpm.ini, INDEX(plan!$J:$J, $B69), _xlpm.fin, INDEX(plan!$K:$K, $B69), _xlpm.existe, COUNTIFS( Tabla_Registro_Tareas_Agregada[Actividad], _xlpm.act, Tabla_Registro_Tareas_Agregada[Fecha], _xlpm.fecha ), IF(_xlpm.existe=0, 0, IF(AND(_xlpm.fecha>=_xlpm.ini, _xlpm.fecha<=_xlpm.fin), 1, -1)) )} -> 0
B71: =plan!B37 -> 37 | C71: =plan!C37 -> 0 | D71: {=INDEX(plan!$I:$I, $B71)} -> 0 | E71: {=INDEX(plan!$U:$U, $B71)} -> 0 | F71: {=IF(AND(F$4>=INDEX(plan!$J:$J, $B71), F$4<=INDEX(plan!$K:$K, $B71)),1,0)} -> 0 | G71: {=IF(AND(G$4>=INDEX(plan!$J:$J, $B71), G$4<=INDEX(plan!$K:$K, $B71)),1,0)} -> 0 | H71: {=IF(AND(H$4>=INDEX(plan!$J:$J, $B71), H$4<=INDEX(plan!$K:$K, $B71)),1,0)} -> 0 | I71: {=IF(AND(I$4>=INDEX(plan!$J:$J, $B71), I$4<=INDEX(plan!$K:$K, $B71)),1,0)} -> 0 | J71: {=IF(AND(J$4>=INDEX(plan!$J:$J, $B71), J$4<=INDEX(plan!$K:$K, $B71)),1,0)} -> 0 | K71: {=IF(AND(K$4>=INDEX(plan!$J:$J, $B71), K$4<=INDEX(plan!$K:$K, $B71)),1,0)} -> 0 | L71: {=IF(AND(L$4>=INDEX(plan!$J:$J, $B71), L$4<=INDEX(plan!$K:$K, $B71)),1,0)} -> 0 | M71: {=IF(AND(M$4>=INDEX(plan!$J:$J, $B71), M$4<=INDEX(plan!$K:$K, $B71)),1,0)} -> 0 | ... AN71: {=IF(AND(AN$4>=INDEX(plan!$J:$J, $B71), AN$4<=INDEX(plan!$K:$K, $B71)),1,0)} -> 0
F72: {=_xlfn.LET( _xlpm.act, cronograma!$C71, _xlpm.fecha, cronograma!F$4, _xlpm.ini, INDEX(plan!$J:$J, $B71), _xlpm.fin, INDEX(plan!$K:$K, $B71), _xlpm.existe, COUNTIFS( Tabla_Registro_Tareas_Agregada[Actividad], _xlpm.act, Tabla_Registro_Tareas_Agregada[Fecha], _xlpm.fecha ), IF(_xlpm.existe=0, 0, IF(AND(_xlpm.fecha>=_xlpm.ini, _xlpm.fecha<=_xlpm.fin), 1, -1)) )} -> 0 | G72: {=_xlfn.LET( _xlpm.act, cronograma!$C71, _xlpm.fecha, cronograma!G$4, _xlpm.ini, INDEX(plan!$J:$J, $B71), _xlpm.fin, INDEX(plan!$K:$K, $B71), _xlpm.existe, COUNTIFS( Tabla_Registro_Tareas_Agregada[Actividad], _xlpm.act, Tabla_Registro_Tareas_Agregada[Fecha], _xlpm.fecha ), IF(_xlpm.existe=0, 0, IF(AND(_xlpm.fecha>=_xlpm.ini, _xlpm.fecha<=_xlpm.fin), 1, -1)) )} -> 0 | H72: {=_xlfn.LET( _xlpm.act, cronograma!$C71, _xlpm.fecha, cronograma!H$4, _xlpm.ini, INDEX(plan!$J:$J, $B71), _xlpm.fin, INDEX(plan!$K:$K, $B71), _xlpm.existe, COUNTIFS( Tabla_Registro_Tareas_Agregada[Actividad], _xlpm.act, Tabla_Registro_Tareas_Agregada[Fecha], _xlpm.fecha ), IF(_xlpm.existe=0, 0, IF(AND(_xlpm.fecha>=_xlpm.ini, _xlpm.fecha<=_xlpm.fin), 1, -1)) )} -> 0 | I72: {=_xlfn.LET( _xlpm.act, cronograma!$C71, _xlpm.fecha, cronograma!I$4, _xlpm.ini, INDEX(plan!$J:$J, $B71), _xlpm.fin, INDEX(plan!$K:$K, $B71), _xlpm.existe, COUNTIFS( Tabla_Registro_Tareas_Agregada[Actividad], _xlpm.act, Tabla_Registro_Tareas_Agregada[Fecha], _xlpm.fecha ), IF(_xlpm.existe=0, 0, IF(AND(_xlpm.fecha>=_xlpm.ini, _xlpm.fecha<=_xlpm.fin), 1, -1)) )} -> 0 | J72: {=_xlfn.LET( _xlpm.act, cronograma!$C71, _xlpm.fecha, cronograma!J$4, _xlpm.ini, INDEX(plan!$J:$J, $B71), _xlpm.fin, INDEX(plan!$K:$K, $B71), _xlpm.existe, COUNTIFS( Tabla_Registro_Tareas_Agregada[Actividad], _xlpm.act, Tabla_Registro_Tareas_Agregada[Fecha], _xlpm.fecha ), IF(_xlpm.existe=0, 0, IF(AND(_xlpm.fecha>=_xlpm.ini, _xlpm.fecha<=_xlpm.fin), 1, -1)) )} -> 0 | K72: {=_xlfn.LET( _xlpm.act, cronograma!$C71, _xlpm.fecha, cronograma!K$4, _xlpm.ini, INDEX(plan!$J:$J, $B71), _xlpm.fin, INDEX(plan!$K:$K, $B71), _xlpm.existe, COUNTIFS( Tabla_Registro_Tareas_Agregada[Actividad], _xlpm.act, Tabla_Registro_Tareas_Agregada[Fecha], _xlpm.fecha ), IF(_xlpm.existe=0, 0, IF(AND(_xlpm.fecha>=_xlpm.ini, _xlpm.fecha<=_xlpm.fin), 1, -1)) )} -> 0 | L72: {=_xlfn.LET( _xlpm.act, cronograma!$C71, _xlpm.fecha, cronograma!L$4, _xlpm.ini, INDEX(plan!$J:$J, $B71), _xlpm.fin, INDEX(plan!$K:$K, $B71), _xlpm.existe, COUNTIFS( Tabla_Registro_Tareas_Agregada[Actividad], _xlpm.act, Tabla_Registro_Tareas_Agregada[Fecha], _xlpm.fecha ), IF(_xlpm.existe=0, 0, IF(AND(_xlpm.fecha>=_xlpm.ini, _xlpm.fecha<=_xlpm.fin), 1, -1)) )} -> 0 | M72: {=_xlfn.LET( _xlpm.act, cronograma!$C71, _xlpm.fecha, cronograma!M$4, _xlpm.ini, INDEX(plan!$J:$J, $B71), _xlpm.fin, INDEX(plan!$K:$K, $B71), _xlpm.existe, COUNTIFS( Tabla_Registro_Tareas_Agregada[Actividad], _xlpm.act, Tabla_Registro_Tareas_Agregada[Fecha], _xlpm.fecha ), IF(_xlpm.existe=0, 0, IF(AND(_xlpm.fecha>=_xlpm.ini, _xlpm.fecha<=_xlpm.fin), 1, -1)) )} -> 0 | ... AN72: {=_xlfn.LET( _xlpm.act, cronograma!$C71, _xlpm.fecha, cronograma!AN$4, _xlpm.ini, INDEX(plan!$J:$J, $B71), _xlpm.fin, INDEX(plan!$K:$K, $B71), _xlpm.existe, COUNTIFS( Tabla_Registro_Tareas_Agregada[Actividad], _xlpm.act, Tabla_Registro_Tareas_Agregada[Fecha], _xlpm.fecha ), IF(_xlpm.existe=0, 0, IF(AND(_xlpm.fecha>=_xlpm.ini, _xlpm.fecha<=_xlpm.fin), 1, -1)) )} -> 0
B73: =plan!B38 -> 38 | C73: =plan!C38 -> 0 | D73: {=INDEX(plan!$I:$I, $B73)} -> 0 | E73: {=INDEX(plan!$U:$U, $B73)} -> 0 | F73: {=IF(AND(F$4>=INDEX(plan!$J:$J, $B73), F$4<=INDEX(plan!$K:$K, $B73)),1,0)} -> 0 | G73: {=IF(AND(G$4>=INDEX(plan!$J:$J, $B73), G$4<=INDEX(plan!$K:$K, $B73)),1,0)} -> 0 | H73: {=IF(AND(H$4>=INDEX(plan!$J:$J, $B73), H$4<=INDEX(plan!$K:$K, $B73)),1,0)} -> 0 | I73: {=IF(AND(I$4>=INDEX(plan!$J:$J, $B73), I$4<=INDEX(plan!$K:$K, $B73)),1,0)} -> 0 | J73: {=IF(AND(J$4>=INDEX(plan!$J:$J, $B73), J$4<=INDEX(plan!$K:$K, $B73)),1,0)} -> 0 | K73: {=IF(AND(K$4>=INDEX(plan!$J:$J, $B73), K$4<=INDEX(plan!$K:$K, $B73)),1,0)} -> 0 | L73: {=IF(AND(L$4>=INDEX(plan!$J:$J, $B73), L$4<=INDEX(plan!$K:$K, $B73)),1,0)} -> 0 | M73: {=IF(AND(M$4>=INDEX(plan!$J:$J, $B73), M$4<=INDEX(plan!$K:$K, $B73)),1,0)} -> 0 | ... AN73: {=IF(AND(AN$4>=INDEX(plan!$J:$J, $B73), AN$4<=INDEX(plan!$K:$K, $B73)),1,0)} -> 0
F74: {=_xlfn.LET( _xlpm.act, cronograma!$C73, _xlpm.fecha, cronograma!F$4, _xlpm.ini, INDEX(plan!$J:$J, $B73), _xlpm.fin, INDEX(plan!$K:$K, $B73), _xlpm.existe, COUNTIFS( Tabla_Registro_Tareas_Agregada[Actividad], _xlpm.act, Tabla_Registro_Tareas_Agregada[Fecha], _xlpm.fecha ), IF(_xlpm.existe=0, 0, IF(AND(_xlpm.fecha>=_xlpm.ini, _xlpm.fecha<=_xlpm.fin), 1, -1)) )} -> 0 | G74: {=_xlfn.LET( _xlpm.act, cronograma!$C73, _xlpm.fecha, cronograma!G$4, _xlpm.ini, INDEX(plan!$J:$J, $B73), _xlpm.fin, INDEX(plan!$K:$K, $B73), _xlpm.existe, COUNTIFS( Tabla_Registro_Tareas_Agregada[Actividad], _xlpm.act, Tabla_Registro_Tareas_Agregada[Fecha], _xlpm.fecha ), IF(_xlpm.existe=0, 0, IF(AND(_xlpm.fecha>=_xlpm.ini, _xlpm.fecha<=_xlpm.fin), 1, -1)) )} -> 0 | H74: {=_xlfn.LET( _xlpm.act, cronograma!$C73, _xlpm.fecha, cronograma!H$4, _xlpm.ini, INDEX(plan!$J:$J, $B73), _xlpm.fin, INDEX(plan!$K:$K, $B73), _xlpm.existe, COUNTIFS( Tabla_Registro_Tareas_Agregada[Actividad], _xlpm.act, Tabla_Registro_Tareas_Agregada[Fecha], _xlpm.fecha ), IF(_xlpm.existe=0, 0, IF(AND(_xlpm.fecha>=_xlpm.ini, _xlpm.fecha<=_xlpm.fin), 1, -1)) )} -> 0 | I74: {=_xlfn.LET( _xlpm.act, cronograma!$C73, _xlpm.fecha, cronograma!I$4, _xlpm.ini, INDEX(plan!$J:$J, $B73), _xlpm.fin, INDEX(plan!$K:$K, $B73), _xlpm.existe, COUNTIFS( Tabla_Registro_Tareas_Agregada[Actividad], _xlpm.act, Tabla_Registro_Tareas_Agregada[Fecha], _xlpm.fecha ), IF(_xlpm.existe=0, 0, IF(AND(_xlpm.fecha>=_xlpm.ini, _xlpm.fecha<=_xlpm.fin), 1, -1)) )} -> 0 | J74: {=_xlfn.LET( _xlpm.act, cronograma!$C73, _xlpm.fecha, cronograma!J$4, _xlpm.ini, INDEX(plan!$J:$J, $B73), _xlpm.fin, INDEX(plan!$K:$K, $B73), _xlpm.existe, COUNTIFS( Tabla_Registro_Tareas_Agregada[Actividad], _xlpm.act, Tabla_Registro_Tareas_Agregada[Fecha], _xlpm.fecha ), IF(_xlpm.existe=0, 0, IF(AND(_xlpm.fecha>=_xlpm.ini, _xlpm.fecha<=_xlpm.fin), 1, -1)) )} -> 0 | K74: {=_xlfn.LET( _xlpm.act, cronograma!$C73, _xlpm.fecha, cronograma!K$4, _xlpm.ini, INDEX(plan!$J:$J, $B73), _xlpm.fin, INDEX(plan!$K:$K, $B73), _xlpm.existe, COUNTIFS( Tabla_Registro_Tareas_Agregada[Actividad], _xlpm.act, Tabla_Registro_Tareas_Agregada[Fecha], _xlpm.fecha ), IF(_xlpm.existe=0, 0, IF(AND(_xlpm.fecha>=_xlpm.ini, _xlpm.fecha<=_xlpm.fin), 1, -1)) )} -> 0 | L74: {=_xlfn.LET( _xlpm.act, cronograma!$C73, _xlpm.fecha, cronograma!L$4, _xlpm.ini, INDEX(plan!$J:$J, $B73), _xlpm.fin, INDEX(plan!$K:$K, $B73), _xlpm.existe, COUNTIFS( Tabla_Registro_Tareas_Agregada[Actividad], _xlpm.act, Tabla_Registro_Tareas_Agregada[Fecha], _xlpm.fecha ), IF(_xlpm.existe=0, 0, IF(AND(_xlpm.fecha>=_xlpm.ini, _xlpm.fecha<=_xlpm.fin), 1, -1)) )} -> 0 | M74: {=_xlfn.LET( _xlpm.act, cronograma!$C73, _xlpm.fecha, cronograma!M$4, _xlpm.ini, INDEX(plan!$J:$J, $B73), _xlpm.fin, INDEX(plan!$K:$K, $B73), _xlpm.existe, COUNTIFS( Tabla_Registro_Tareas_Agregada[Actividad], _xlpm.act, Tabla_Registro_Tareas_Agregada[Fecha], _xlpm.fecha ), IF(_xlpm.existe=0, 0, IF(AND(_xlpm.fecha>=_xlpm.ini, _xlpm.fecha<=_xlpm.fin), 1, -1)) )} -> 0 | ... AN74: {=_xlfn.LET( _xlpm.act, cronograma!$C73, _xlpm.fecha, cronograma!AN$4, _xlpm.ini, INDEX(plan!$J:$J, $B73), _xlpm.fin, INDEX(plan!$K:$K, $B73), _xlpm.existe, COUNTIFS( Tabla_Registro_Tareas_Agregada[Actividad], _xlpm.act, Tabla_Registro_Tareas_Agregada[Fecha], _xlpm.fecha ), IF(_xlpm.existe=0, 0, IF(AND(_xlpm.fecha>=_xlpm.ini, _xlpm.fecha<=_xlpm.fin), 1, -1)) )} -> 0
B75: =plan!B39 -> 39 | C75: =plan!C39 -> 0 | D75: {=INDEX(plan!$I:$I, $B75)} -> 0 | E75: {=INDEX(plan!$U:$U, $B75)} -> 0 | F75: {=IF(AND(F$4>=INDEX(plan!$J:$J, $B75), F$4<=INDEX(plan!$K:$K, $B75)),1,0)} -> 0 | G75: {=IF(AND(G$4>=INDEX(plan!$J:$J, $B75), G$4<=INDEX(plan!$K:$K, $B75)),1,0)} -> 0 | H75: {=IF(AND(H$4>=INDEX(plan!$J:$J, $B75), H$4<=INDEX(plan!$K:$K, $B75)),1,0)} -> 0 | I75: {=IF(AND(I$4>=INDEX(plan!$J:$J, $B75), I$4<=INDEX(plan!$K:$K, $B75)),1,0)} -> 0 | J75: {=IF(AND(J$4>=INDEX(plan!$J:$J, $B75), J$4<=INDEX(plan!$K:$K, $B75)),1,0)} -> 0 | K75: {=IF(AND(K$4>=INDEX(plan!$J:$J, $B75), K$4<=INDEX(plan!$K:$K, $B75)),1,0)} -> 0 | L75: {=IF(AND(L$4>=INDEX(plan!$J:$J, $B75), L$4<=INDEX(plan!$K:$K, $B75)),1,0)} -> 0 | M75: {=IF(AND(M$4>=INDEX(plan!$J:$J, $B75), M$4<=INDEX(plan!$K:$K, $B75)),1,0)} -> 0 | ... AN75: {=IF(AND(AN$4>=INDEX(plan!$J:$J, $B75), AN$4<=INDEX(plan!$K:$K, $B75)),1,0)} -> 0
